993432,7422119,Coffee Latte,164952809,Cafe Caramel Sá»¯a TÆ°Æ¡i,,40000.0,True,True,True,7
993432,7422119,Coffee Latte,164952997,Phindi Háº¡nh NhÃ¢n,,40000.0,True,True,True,5
993432,7422119,Coffee Latte,164952884,Cafe Sá»¯a TÆ°Æ¡i,,30000.0,True,True,True,5
993432,7422119,Coffee Latte,164952857,Cafe Matcha Sá»¯a TÆ°Æ¡i,,45000.0,True,True,True,6
993432,7422119,Coffee Latte,164952872,Phindi Chocolate,,45000.0,True,True,True,0
993432,7422119,Coffee Latte,164952817,Chocolate Latte,,40000.0,True,True,True,5
993432,7422119,Coffee Latte,164952926,Phindi Kem Sá»¯a,,45000.0,True,True,True,4
993432,6540504,SIÃŠU PHáº¨M Má»šI RA LÃ’,161791546,Há»’NG TRÃ€ Sá»®A TUá»”I THÆ  TRÃ‚N CHÃ‚U TUá»”I THÆ ,TrÃ  sá»¯a tuá»•i thÆ¡ cá»§a mÃ­ báº¡n lÃ  nhÆ° tháº¿ nÃ o dáº¡ - Ä‘Ã¢y lÃ  trÃ  sá»¯a tuá»•i thÆ¡ cá»§a tui Ã©  - mÃ­ báº¡n thá»­ nghen â™¥ï¸,32000.0,True,True,True,10+
993432,6540504,SIÃŠU PHáº¨M Má»šI RA LÃ’,167620964,TRÃ‚N CHÃ‚U TÆ¯Æ I SOCOLA,,10000.0,True,True,True,3
993432,6540504,SIÃŠU PHáº¨M Má»šI RA LÃ’,176833397,TrÃ  XoÃ i Chanh DÃ¢y TÆ°Æ¡i,,40000.0,True,True,True,0
993432,7036496,BÃNH FLAN TAKACHA,159732503,BÃNH FLAN CÃ€ PHÃŠ ÄÃ BÃ€O,SET Gá»’M 2 BÃNH FLAN KÃˆM CÃ€ PHÃŠ ÄÃ BÃ€O,24000.0,True,True,True,10+
993432,7036496,BÃNH FLAN TAKACHA,159732500,TRÃ€ Sá»®A BÃNH FLAN,TRÃ€ Sá»®A Báº N CÃ“ THá»‚ CHá»ŒN Vá»Š áº ,35000.0,True,True,True,10+
993432,6881102,CHÃˆ THÃI Sáº¦U RIÃŠNG,156499189,CHÃˆ THÃI Sáº¦U RIÃŠNG,,40000.0,True,True,True,10+
993432,6691283,TRÃ€ MÃƒNG Cáº¦U,154881089,TrÃ  MÃ£ng Cáº§u Size M,TrÃªnÂ cáº£Â tuyá»‡tÂ vá»i,39000.0,True,True,True,100+
993432,1018740,TRÃ€ Sá»®A,9188609,TrÃ  sá»¯a truyá»n thá»‘ng (Äáº­m TrÃ ),"TrÃ  Sá»¯a Truyá»n Thá»‘ng Äáº­m TrÃ  váº«n luÃ´n lÃ  Best Seller táº¡i TaKaCha. Äá»©ng Ä‘áº§u trong cÃ¡c loáº¡i TrÃ  Sá»¯a vá»›i hÆ°Æ¡ng vá»‹ riÃªng , Ä‘áº·c trÆ°ng riÃªng chá»‰ cÃ³ táº¡i TaKaCha",25000.0,True,True,True,999+
993432,1018740,TRÃ€ Sá»®A,9188642,TrÃ  sá»¯a thÃ¡i xanh,KhÃ´ng Ä‘iá»u chá»‰nh Ä‘Æ°á»£c lÆ°á»£ng Ä‘Æ°á»ng áº¡,25000.0,True,True,True,100+
993432,1018740,TRÃ€ Sá»®A,9188677,TrÃ  sá»¯a oolong sen,KhÃ´ng Ä‘iá»u chá»‰nh Ä‘Æ°á»£c lÆ°á»£ng Ä‘Æ°á»ng áº¡,25000.0,True,True,True,100+
993432,1018740,TRÃ€ Sá»®A,10647068,Lá»¥c Hoa TrÃ  Sá»¯a,KhÃ´ng Ä‘iá»u chá»‰nh Ä‘Æ°á»£c lÆ°á»£ng Ä‘Æ°á»ng áº¡,25000.0,True,True,True,100+
993432,1018740,TRÃ€ Sá»®A,31316736,Lá»¥c TrÃ  Sá»¯a Máº­t Ong,TakachaÂ xinÂ cáº£mÂ Æ¡nÂ quÃ½Â khÃ¡ch,25000.0,True,True,True,100+
993432,1018740,TRÃ€ Sá»®A,153912691,Oolong NhÃ i Sá»¯a,Ngon ngáº¥t ngÃ¢y,25000.0,True,True,True,100+
993432,1018740,TRÃ€ Sá»®A,9246945,TrÃ  sá»¯a olong,KhÃ´ng Ä‘iá»u chá»‰nh Ä‘Æ°á»£c lÆ°á»£ng Ä‘Æ°á»ng áº¡,25000.0,True,True,True,100+
993432,1018740,TRÃ€ Sá»®A,9246963,Há»“ng trÃ  latte,TakachaÂ xinÂ cáº£mÂ Æ¡nÂ quÃ½Â khÃ¡ch,20000.0,True,True,True,100+
993432,1018740,TRÃ€ Sá»®A,31316735,Há»“ng TrÃ  Sá»¯a Máº­t Ong,TakachaÂ xinÂ cáº£mÂ Æ¡nÂ quÃ½Â khÃ¡ch,25000.0,True,True,True,100+
993432,1018740,TRÃ€ Sá»®A,154638483,Truyá»n Thá»‘ng Dá»«a Non Sá»£i,Truyá»n Thá»‘ng,30000.0,True,True,True,100+
993432,1018740,TRÃ€ Sá»®A,160525958,TRÃ€ Sá»®A CHÃ”M CHÃ”M,,40000.0,True,True,True,10+
993432,1018740,TRÃ€ Sá»®A,154747596,Truyá»n Thá»‘ng SÆ°Æ¡ng SÃ¡o,áº¢nh minh hoáº¡ trÃ  sá»¯a truyá»n thá»‘ng kÃ¨m sÆ°Æ¡ng sÃ¡o nhÃ  lÃ m ráº¥t ngon áº¡ â™¥ï¸,30000.0,True,True,True,10+
993432,1018740,TRÃ€ Sá»®A,160525961,TRÃ€ Sá»®A SEN VÃ€NG,,40000.0,True,True,True,10+
993432,1018740,TRÃ€ Sá»®A,166037446,Há»’NG TRÃ€ Sá»®A TUá»”I THÆ ,,25000.0,True,True,True,9
993432,1018740,TRÃ€ Sá»®A,159348710,TRÃ€ Sá»®A Váº¢I,Báº¡n muá»‘n trÃ  sá»¯a nhÆ°ng muá»‘n ngá»t thanh vá»‹ trÃ¡i cÃ¢y,30000.0,True,True,True,10+
993432,1024834,TRÃ€ NGUYÃŠN Vá»Š Sá»¦I Bá»ŒT,9253268,Há»“ng trÃ ,"KhÃ¡ch chá»n toppings cÃ³ thá»ƒ note riÃªng vá»›i quÃ¡n nhÃ©. 
PHÃ” MAI VIÃŠN 10k
PHÃ” MAI TÆ¯Æ I 10k
Cá»¦ NÄ‚NG 7k
Háº T ÄÃC 10k
TrÃ¢n chÃ¢u , Pudding , Tháº¡ch Ä‘á»“ng giÃ¡ 5k",15000.0,True,True,True,100+
993432,1024834,TRÃ€ NGUYÃŠN Vá»Š Sá»¦I Bá»ŒT,9246978,Lá»¥c trÃ  máº­t ong,TakachaÂ xinÂ cáº£mÂ Æ¡nÂ quÃ½Â khÃ¡ch,20000.0,True,True,True,100+
993432,1024834,TRÃ€ NGUYÃŠN Vá»Š Sá»¦I Bá»ŒT,24035960,Há»“ng TrÃ  Máº­t Ong,TakachaÂ xinÂ cáº£mÂ Æ¡nÂ quÃ½Â khÃ¡ch,20000.0,True,True,True,100+
993432,1024834,TRÃ€ NGUYÃŠN Vá»Š Sá»¦I Bá»ŒT,9246973,Lá»¥c trÃ ,,15000.0,True,True,True,100+
993432,1024834,TRÃ€ NGUYÃŠN Vá»Š Sá»¦I Bá»ŒT,157968609,OLONG Máº¬T ONG Sá»¦I Bá»ŒT,,20000.0,True,True,True,10+
993432,1018741,TRÃ€ TRÃI CÃ‚Y,9246951,OLONG XOÃ€I ÄÃ€O,TrÃ  Olong vá»‹ XoÃ i ÄÃ o - best seller cÃ³ tá»« 4 nÄƒm vá» trÆ°á»›c â™¥ï¸,25000.0,True,True,True,100+
993432,1018741,TRÃ€ TRÃI CÃ‚Y,9246962,TrÃ  Ä‘Ã o dáº§m,â¤ï¸,25000.0,True,True,True,100+
993432,1018741,TRÃ€ TRÃI CÃ‚Y,9246955,Lá»¥c trÃ  dÆ°a gang,TakachaÂ xinÂ cáº£mÂ Æ¡nÂ quÃ½Â khÃ¡ch,25000.0,True,True,True,100+
993432,1018741,TRÃ€ TRÃI CÃ‚Y,44546881,TrÃ  TÃ¡o Xanh,TakachaÂ xinÂ cáº£mÂ Æ¡nÂ quÃ½Â khÃ¡ch,25000.0,True,True,True,100+
993432,1018741,TRÃ€ TRÃI CÃ‚Y,29275794,Lá»¥c TrÃ  á»”i Há»“ng,TakachaÂ xinÂ cáº£mÂ Æ¡nÂ quÃ½Â khÃ¡ch,25000.0,True,True,True,100+
993432,1018741,TRÃ€ TRÃI CÃ‚Y,9479956,Lá»¥c TrÃ  XoÃ i ÄÃ o,TakachaÂ xinÂ cáº£mÂ Æ¡nÂ quÃ½Â khÃ¡ch,25000.0,True,True,True,100+
993432,1018741,TRÃ€ TRÃI CÃ‚Y,156605339,TrÃ  LÃ i ÄÃ¡c ThÆ¡m,,30000.0,True,True,True,50+
993432,1018741,TRÃ€ TRÃI CÃ‚Y,9246956,Lá»¥c trÃ  cam Ä‘Ã o,TakachaÂ xinÂ cáº£mÂ Æ¡nÂ quÃ½Â khÃ¡ch,25000.0,True,True,True,100+
993432,1018741,TRÃ€ TRÃI CÃ‚Y,16430381,LÃ i NhÃ£n,,27000.0,True,True,True,50+
993432,1018741,TRÃ€ TRÃI CÃ‚Y,9188679,Lá»¥c trÃ  viá»‡t quáº¥t,TakachaÂ xinÂ cáº£mÂ Æ¡nÂ quÃ½Â khÃ¡ch,25000.0,True,True,True,100+
993432,1018741,TRÃ€ TRÃI CÃ‚Y,9255070,TrÃ  váº£i dáº§m,TakachaÂ xinÂ cáº£mÂ Æ¡nÂ quÃ½Â khÃ¡ch,25000.0,True,True,True,50+
993432,1018741,TRÃ€ TRÃI CÃ‚Y,11148755,Lá»¥c TrÃ  XoÃ i NhÃ£n,TakachaÂ xinÂ cáº£mÂ Æ¡nÂ quÃ½Â khÃ¡ch,30000.0,True,True,True,50+
993432,1018741,TRÃ€ TRÃI CÃ‚Y,89439804,TRÃ€ CAM BÆ¯á»I DÃ‚U TÆ¯Æ I,,30000.0,True,True,True,10+
993432,1018741,TRÃ€ TRÃI CÃ‚Y,89439798,TRÃ€ BÆ¯á»I Máº¬T ONG,,30000.0,True,True,True,10+
993432,1018741,TRÃ€ TRÃI CÃ‚Y,65598428,CHERRY TEA (Size M),,35000.0,True,True,True,10+
993432,1018741,TRÃ€ TRÃI CÃ‚Y,115135658,CHANH DÃ‚Y Máº¬T ONG,TakachaÂ xinÂ cáº£mÂ Æ¡nÂ quÃ½Â khÃ¡ch,25000.0,True,True,True,10+
993432,1018741,TRÃ€ TRÃI CÃ‚Y,65598427,KIWI TEA (Size M),,35000.0,True,True,True,10+
993432,1018741,TRÃ€ TRÃI CÃ‚Y,156646942,TrÃ  ThÆ¡m ÄÃ¡c ThÆ¡m (Size M),ChuaÂ chuaÂ ngá»tÂ thanhÂ thÆ¡mÂ thoangÂ thoáº£ng,40000.0,True,True,True,10+
993432,1018741,TRÃ€ TRÃI CÃ‚Y,86850535,TRÃ€ NHO CHANH LÃ€I (Size M),,35000.0,True,True,True,10+
993432,1018741,TRÃ€ TRÃI CÃ‚Y,154271835,TRÃ€ Há»’NG THANH ÄÃ€O (Size M),CÃ¹ng uá»‘ng vÃ  cáº£m nháº­n thÃ nh quáº£ cá»§a em nhÃ© cáº£ nhÃ  â™¥ï¸,35000.0,True,True,True,10+
993432,1018741,TRÃ€ TRÃI CÃ‚Y,86850527,TRÃ€ Váº¢I HOA Há»’NG (Size M),,35000.0,True,True,True,10+
993432,1018741,TRÃ€ TRÃI CÃ‚Y,155192343,TrÃ  CÃºc LÃª Chanh VÃ ng (Size M),LÃ  1 loáº¡i trÃ  trÃ¡i cÃ¢y áº¡,35000.0,True,True,True,5
993432,1018741,TRÃ€ TRÃI CÃ‚Y,159348618,TRÃ€ ÄÃ€O MIáº¾NG,TrÃ  Ä‘Ã o thanh thanh thÃªm miáº¿ng Ä‘Ã o tÆ°Æ¡i giÃ²n,30000.0,True,True,True,6
993432,1766953,TRÃ€ Táº®C / TRÃ€ Táº®C Máº¬T ONG,15897280,Há»’NG TRÃ€ Táº®C Máº¬T ONG,TakachaÂ xinÂ cáº£mÂ Æ¡nÂ quÃ½Â khÃ¡ch,22000.0,True,True,True,100+
993432,1766953,TRÃ€ Táº®C / TRÃ€ Táº®C Máº¬T ONG,9246976,Há»“ng trÃ  táº¯c,TakachaÂ xinÂ cáº£mÂ Æ¡nÂ quÃ½Â khÃ¡ch,17000.0,True,True,True,100+
993432,1766953,TRÃ€ Táº®C / TRÃ€ Táº®C Máº¬T ONG,15897256,Lá»¤C TRÃ€ Táº®C Máº¬T ONG,TakachaÂ xinÂ cáº£mÂ Æ¡nÂ quÃ½Â khÃ¡ch,22000.0,True,True,True,50+
993432,1766953,TRÃ€ Táº®C / TRÃ€ Táº®C Máº¬T ONG,9246977,Lá»¥c trÃ  táº¯c,TakachaÂ xinÂ cáº£mÂ Æ¡nÂ quÃ½Â khÃ¡ch,17000.0,True,True,True,50+
993432,3559252,TRÃ€ DÃ‚U SIÃŠU NGON,73007832,TrÃ  DÃ¢u TÆ°Æ¡i,,30000.0,True,True,True,100+
993432,1025728,KEM CHEESE / LATTE,9246968,Sá»¯a tÆ°Æ¡i trÃ¢n chÃ¢u Ä‘Æ°á»ng Ä‘en,TakachaÂ xinÂ cáº£mÂ Æ¡nÂ quÃ½Â khÃ¡ch,25000.0,True,True,True,100+
993432,2439426,TRÃ€ KEM CHEESE SIÃŠU NGON,10647062,TrÃ  Äen Macchiato,"Há»“ngÂ trÃ  + Kem Cheese

TakachaÂ xinÂ cáº£mÂ Æ¡nÂ quÃ½Â khÃ¡ch",25000.0,True,True,True,50+
993432,2439426,TRÃ€ KEM CHEESE SIÃŠU NGON,153680484,TrÃ  Sen VÃ ng Kem Cheese,TrÃ  Sen NguyÃªn Vá»‹ + Háº¡t Sen + Kem Cheese,35000.0,True,True,True,10+
993432,2439426,TRÃ€ KEM CHEESE SIÃŠU NGON,31316743,TrÃ  XoÃ i Kem Cheese,áº¢NH MINH Há»ŒA,35000.0,True,True,True,10+
993432,2439426,TRÃ€ KEM CHEESE SIÃŠU NGON,31316714,TrÃ  DÃ¢u Kem Cheese,áº¢NH MINH Há»ŒA,40000.0,True,True,True,10+
993432,2439426,TRÃ€ KEM CHEESE SIÃŠU NGON,31316739,TrÃ  Viá»‡t Quáº¥t Kem Cheese,,35000.0,True,True,True,10+
993432,2439426,TRÃ€ KEM CHEESE SIÃŠU NGON,31316742,Olong XoÃ i ÄÃ o Kem Cheese,áº¢NH MINH Há»ŒA,35000.0,True,True,True,8
993432,2439426,TRÃ€ KEM CHEESE SIÃŠU NGON,31316738,TrÃ  ÄÃ o Kem Cheese,áº¢NH MINH Há»ŒA,35000.0,True,True,True,8
1000038809,-1,MÃ³n Äang Giáº£m,35156782,Combo 5 Rau CÃ¢u Dá»«a LÃ¡ Dá»©a,,50000.0,True,True,True,7
1000038809,-1,MÃ³n Äang Giáº£m,162493781,Combo 5 Rau CÃ¢u Dá»«a Cacao,,50000.0,True,True,True,0
1000038809,-1,MÃ³n Äang Giáº£m,154325018,Combo 5 Rau CÃ¢u NhÃ£n Nhá»¥c - å…ƒè‚‰å¤§èœç³• (äº”ç²’ ),,45000.0,True,True,True,0
1000038809,-1,MÃ³n Äang Giáº£m,156313519,Combo 5 Rau CÃ¢u Báº¡ch Quáº£ - ç™½æœå¤§èœç³•ï¼ˆäº”ç²’ï¼‰,,45000.0,True,True,True,0
1000038809,-1,MÃ³n Äang Giáº£m,163886705,Combo 5 Rau CÃ¢u Háº¡nh NhÃ¢n,,45000.0,True,True,True,0
1000038809,-1,MÃ³n Äang Giáº£m,155725023,Combo 5 BÃ¡nh Khoai MÃ¬,,60000.0,True,True,True,0
1000038809,2500881,å’–æ¤°ç³¯ç±³é¥­ - XÃ´i CadÃ©,155736734,XÃ´i CadÃ© - å’–æ¤°ç³¯ç±³é¥­ 1 GÃ³i ( ä¸€åŒ…ï¼‰,,25000.0,True,True,True,6
1000038809,2500881,å’–æ¤°ç³¯ç±³é¥­ - XÃ´i CadÃ©,63520750,XÃ´i CadÃ© - å’–æ¤°ç³¯ç±³é¥­ï¼ˆ 3 GÃ³i - ä¸‰åŒ… ï¼‰,,75000.0,True,True,True,4
1000038809,2500881,å’–æ¤°ç³¯ç±³é¥­ - XÃ´i CadÃ©,35109358,XÃ´i CadÃ© - å’–æ¤°ç³¯ç±³é¥­ï¼ˆ 5 GÃ³i - äº”åŒ… ï¼‰,,125000.0,True,True,True,4
1000038809,2500881,å’–æ¤°ç³¯ç±³é¥­ - XÃ´i CadÃ©,33357782,XÃ´i CadÃ© - å’–æ¤°ç³¯ç±³é¥­( 4 GÃ“I - å››åŒ… ï¼‰,,100000.0,True,True,True,3
1000038809,2500881,å’–æ¤°ç³¯ç±³é¥­ - XÃ´i CadÃ©,33356136,XÃ´i CadÃ© - å’–æ¤°ç³¯ç±³é¥­ï¼ˆ 10 GÃ³i - ååŒ… ï¼‰,,250000.0,True,True,True,3
1000038809,2500881,å’–æ¤°ç³¯ç±³é¥­ - XÃ´i CadÃ©,64285767,XÃ´i CadÃ© - å’–æ¤°ç³¯ç±³é¥­ï¼ˆ 7 GÃ³i - ä¸ƒåŒ… ï¼‰,,175000.0,True,True,True,0
1000038809,7235513,æ¤°æ±æ–‘å…°å¶å¤§èœç³• - Rau CÃ¢u Dá»«a LÃ¡ Dá»©a,35156782,Combo 5 Rau CÃ¢u Dá»«a LÃ¡ Dá»©a,,50000.0,True,True,True,7
1000038809,7235513,æ¤°æ±æ–‘å…°å¶å¤§èœç³• - Rau CÃ¢u Dá»«a LÃ¡ Dá»©a,162414104,Rau CÃ¢u Dá»«a LÃ¡ Dá»©a - æ¤°æ±æ–‘å…°å¶å¤§èœç³•,,10000.0,True,True,True,2
1000038809,2501117,è›‹èŠ±å¤§èœç³• - Rau CÃ¢u Trá»©ng,47118327,Rau CÃ¢u Trá»©ng - è›‹èŠ±å¤§èœç³•,,9000.0,True,True,True,6
1000038809,2501117,è›‹èŠ±å¤§èœç³• - Rau CÃ¢u Trá»©ng,154263020,Combo 5 Rau CÃ¢u Trá»©ng - è›‹èŠ±å¤§èœç³• ( äº”ç²’ ),,45000.0,True,True,True,1
1000038809,7242224,Rau CÃ¢u Dá»«a Cacao - æ¤°æ±æœ±å¤åŠ›å¤§èœç³•,162493768,Rau CÃ¢u Dá»«a Cacao,,10000.0,True,True,True,1
1000038809,7242224,Rau CÃ¢u Dá»«a Cacao - æ¤°æ±æœ±å¤åŠ›å¤§èœç³•,162493781,Combo 5 Rau CÃ¢u Dá»«a Cacao,,50000.0,True,True,True,0
1000038809,2569857,æ¤°å­å¤§èœç³• - Rau CÃ¢u Dá»«a,47702165,æ¤°æ±å¤§èœç³• - Rau CÃ¢u Dá»«a,,9000.0,True,True,True,5
1000038809,2569857,æ¤°å­å¤§èœç³• - Rau CÃ¢u Dá»«a,154263032,Combo 5 Rau CÃ¢u Dá»«a - æ¤°æ±å¤§èœç³• ( äº”ç²’ ï¼‰,,45000.0,True,True,True,5
1000038809,2569886,å…ƒè‚‰å¤§èœç³• - Rau CÃ¢u NhÃ£n nhá»¥c,35109722,å…ƒè‚‰å¤§èœç³• - Rau CÃ¢u NhÃ£n Nhá»¥c,,9000.0,True,True,True,3
1000038809,2569886,å…ƒè‚‰å¤§èœç³• - Rau CÃ¢u NhÃ£n nhá»¥c,154325018,Combo 5 Rau CÃ¢u NhÃ£n Nhá»¥c - å…ƒè‚‰å¤§èœç³• (äº”ç²’ ),,45000.0,True,True,True,0
1000038809,6746233,ç™½æœå¤§èœç³•Â -Â RauÂ CÃ¢uÂ Báº¡chÂ Quáº£,156313531,ç™½æœå¤§èœç³• - Rau CÃ¢u Báº¡ch Quáº£,,9000.0,True,True,True,0
1000038809,6746233,ç™½æœå¤§èœç³•Â -Â RauÂ CÃ¢uÂ Báº¡chÂ Quáº£,156313519,Combo 5 Rau CÃ¢u Báº¡ch Quáº£ - ç™½æœå¤§èœç³•ï¼ˆäº”ç²’ï¼‰,,45000.0,True,True,True,0
1000038809,7331184,æä»å¤§èœç³• - Rau CÃ¢u Háº¡nh NhÃ¢n,163886626,æä»å¤§èœç³• - Rau CÃ¢u Háº¡nh NhÃ¢n,,9000.0,True,True,True,0
1000038809,7331184,æä»å¤§èœç³• - Rau CÃ¢u Háº¡nh NhÃ¢n,163886705,Combo 5 Rau CÃ¢u Háº¡nh NhÃ¢n,,45000.0,True,True,True,0
1000038809,3291090,é¥¼ - BÃ¡nh,155725019,BÃ¡nh Khoai MÃ¬,,12000.0,True,True,True,4
1000038809,3291090,é¥¼ - BÃ¡nh,155725023,Combo 5 BÃ¡nh Khoai MÃ¬,,60000.0,True,True,True,0
1000045833,-1,MÃ³n Äang Giáº£m,159738838,Pháº­t Nháº£y TÆ°á»ng - ä½›è·³å¢™,"Háº£i SÃ¢m Gai ThÆ°á»£ng Háº¡ng, Vi CÃ¡, BÃ o NgÆ°, Cá»“i SÃ² Äiá»‡p Nháº­t",398000.0,True,True,True,10+
1000045833,-1,MÃ³n Äang Giáº£m,153323321,Combo 3 Pudding Thá» - å°å…”å¸ƒä¸å¥—é¤ğŸ‹ğŸ“,ğŸ“ğŸ‹ğŸ“,90000.0,True,True,True,2
1000045833,7165137,Táº·ng Ngay TÃºi Váº£i - PhiÃªn Báº£n Giá»›i Háº¡n,161546054,Táº·ng Ngay TÃºi Váº£i,Ãp Dá»¥ng Cho ÄÆ¡n HÃ ng Tá»« 299k,1.0,True,True,True,1
1000045833,7422548,æ–°æ¬¾çƒ­å–^-^,164956002,RÃ¹a Quy Linh Cao TrÃ  Sá»¯a,ä¹Œé¾Ÿé¾Ÿè‹“è†é…å¥¶èŒ¶,29999.0,True,True,True,0
1000045833,2776028,å¤§å¨æ¨è - Chef Recommendation,47242807,MÃ¬ Dáº§u HÃ o Cá»“i SÃ² Äiá»‡p HongKong ThÆ°á»£ng Háº¡ng - æ¸¯å¼èšæ²¹æé¢-æ‰‡è´,,69999.0,True,True,True,10+
1000045833,2776028,å¤§å¨æ¨è - Chef Recommendation,41684913,MÃ¬ Dáº§u HÃ o Cháº£ CÃ¡ HongKong ThÆ°á»£ng Háº¡ng - æ¸¯å¼èšæ²¹æé¢-é±¼ç‰‡,,69999.0,True,True,True,10+
1000045833,2776028,å¤§å¨æ¨è - Chef Recommendation,159738838,Pháº­t Nháº£y TÆ°á»ng - ä½›è·³å¢™,"Háº£i SÃ¢m Gai ThÆ°á»£ng Háº¡ng, Vi CÃ¡, BÃ o NgÆ°, Cá»“i SÃ² Äiá»‡p Nháº­t",398000.0,True,True,True,10+
1000045833,2776028,å¤§å¨æ¨è - Chef Recommendation,42054563,Äáº­u Há»§ CÃ¡ ViÃªn HongKong ThÆ°á»£ng Háº¡ng - æ¸¯å¼è±†è…é±¼ä¸¸,Äáº­u Há»§ Äáº·c Biá»‡t - CÃ¡ ViÃªn æ‹›ç‰Œè±†è…-é±¼ä¸¸,65000.0,True,True,True,2
1000045833,2776028,å¤§å¨æ¨è - Chef Recommendation,68334485,Kaya Butter Toast - å’–æ¤°åå¸,,22000.0,True,True,True,1
1000045833,2776028,å¤§å¨æ¨è - Chef Recommendation,50753002,Set MÃ¬ Dáº§u HÃ o HongKong vÃ  Soup TÃ´m TÆ°Æ¡i Phá»‰ ThuÃ½,æ‹›ç‰Œæ¸¯å¼èšæ²¹æé¢é…è™¾æ»‘æ±¤,88000.0,True,True,True,2
1000045833,2776028,å¤§å¨æ¨è - Chef Recommendation,45530587,TrÃ´i NÆ°á»›c Äáº­u Phá»™ng HongKong - æ¸¯å¼èŠ±ç”Ÿæ±¤åœ†,,39000.0,True,True,True,5
1000045833,2776028,å¤§å¨æ¨è - Chef Recommendation,50752996,TÃ u Há»§ Ky Cuá»™n TÃ´m TÆ°Æ¡i ChiÃªn HongKong - æ¸¯å¼é²œè™¾è…ç«¹å·,,88000.0,True,True,True,7
1000045833,2776028,å¤§å¨æ¨è - Chef Recommendation,91726214,BÃ¡nh Cuá»‘n TÃ´m TÆ°Æ¡i SÃ² Äiá»‡p HongKong ThÆ°á»£ng Háº¡ng - æ¸¯å¼é²œè™¾è‚ ç²‰,,88000.0,True,True,True,3
1000045833,2776028,å¤§å¨æ¨è - Chef Recommendation,97785728,HÃ¡ Cáº£o TÃ´m TÆ°Æ¡i HongKong - æ¸¯å¼è™¾ä»è™¾é¥º,,78000.0,True,True,True,4
1000045833,2776028,å¤§å¨æ¨è - Chef Recommendation,46937927,CÃ¡ ViÃªn HongKong - æ¸¯å¼é±¼ä¸¸,,58000.0,True,True,True,0
1000045833,2776028,å¤§å¨æ¨è - Chef Recommendation,117893956,Soup Vi CÃ¡ Cá»“i SÃ² Äiá»‡p ThÆ°á»£ng Háº¡ng - é±¼ç¿…æ‰‡è´ç¾¹,,88000.0,True,True,True,2
1000045833,2776028,å¤§å¨æ¨è - Chef Recommendation,54719951,TrÃ  Sá»¯a HongKong ThÆ°á»£ng Háº¡ng Chai 450ml - æ¸¯å¼å¥¶èŒ¶ç“¶è£… 450ml,,69000.0,True,True,True,0
1000045833,2776028,å¤§å¨æ¨è - Chef Recommendation,92365211,XÃ­u Máº¡i TÃ´m TÆ°Æ¡i HongKong ThÆ°á»£ng Háº¡ng - æ¸¯å¼é²œè™¾çƒ§å–,,75000.0,True,True,True,3
1000045833,2776028,å¤§å¨æ¨è - Chef Recommendation,92394104,HÃ¡ Cáº£o TÃ´m TÆ°Æ¡i Than Tre HongKong ThÆ°á»£ng Háº¡ng - æ¸¯å¼é²œè™¾è™¾é¥º,,88000.0,True,True,True,0
1000045833,2776028,å¤§å¨æ¨è - Chef Recommendation,91896053,BÃ¡nh Bao Kim Sa HongKong - æ¸¯å¼é‡‘æ²™åŒ…,,80000.0,True,True,True,1
1000045833,2776028,å¤§å¨æ¨è - Chef Recommendation,156926494,Soup BÃ o NgÆ° TÃ³c TiÃªn ThÆ°á»£ng Háº¡ng - é²é±¼å‘èœç¾¹,,88000.0,True,True,True,2
1000045833,2776028,å¤§å¨æ¨è - Chef Recommendation,54013842,Sá»¯a Äáº­u NÃ nh HongKong Chai 450ml - æ¸¯å¼è±†æµ†ç“¶è£… 450ml,,59000.0,True,True,True,0
1000045833,2776028,å¤§å¨æ¨è - Chef Recommendation,154339780,Quy Linh Thanh MÃ¡t 3 MÃ³n - æ¸…å‡‰é¾Ÿè‹“ä¸‰æ ·,Quy Linh NhÃ£n Nhá»¥c Hoa Trá»©ng - é¾Ÿè‹“è† å…ƒè‚‰è›‹èŠ±,39000.0,True,True,True,1
1000045833,2776028,å¤§å¨æ¨è - Chef Recommendation,77438230,TÃ´m HÃ¹m ViÃªn HoÃ ng Kim - é‡‘æ²™é¾™è™¾ä¸¸,,128000.0,True,True,True,1
1000045833,2776028,å¤§å¨æ¨è - Chef Recommendation,157252392,ChÃ¨ MÃ¨ Äen - èŠéº»ç³Š,,33000.0,True,True,True,2
1000045833,2776028,å¤§å¨æ¨è - Chef Recommendation,44657089,Pudding Thá» DÃ¢u TÃ¢y - å°å…”å¸ƒä¸,,30000.0,True,True,True,0
1000045833,2776028,å¤§å¨æ¨è - Chef Recommendation,122139545,TrÃ´i NÆ°á»›c Äáº­u Phá»™ng Hoáº¡t HÃ¬nh ( PhiÃªn Báº£n Disney ),PhiÃªnÂ Báº£nÂ HeoÂ Piglet,59000.0,True,True,True,0
1000045833,2776028,å¤§å¨æ¨è - Chef Recommendation,93100720,Canh TÃ´m Phá»‰ ThuÃ½ HongKong - æ¸¯å¼è™¾æ»‘æ±¤,,58000.0,True,True,True,1
1000045833,2776028,å¤§å¨æ¨è - Chef Recommendation,155176596,Set MÃ¬ Dáº§u HÃ o VÃ  Canh BÃ o NgÆ° ThÆ°á»£ng Háº¡ng,æ¸¯å¼èšæ²¹æé¢é…é²é±¼æ±¤,88000.0,True,True,True,1
1000045833,2776028,å¤§å¨æ¨è - Chef Recommendation,155153910,BÃ o NgÆ° Sá»‘t Dáº§u HÃ o ThÆ°á»£ng Háº¡ng - æ‹›ç‰Œèšæ±é²é±¼,1 pháº§n gá»“m 3 con loáº¡i to,138000.0,True,True,True,0
1000045833,2776028,å¤§å¨æ¨è - Chef Recommendation,93708255,TrÃ  Sá»¯a Thá» - å°å…”å¥¶èŒ¶,,59000.0,True,True,True,2
1000045833,2776028,å¤§å¨æ¨è - Chef Recommendation,153323321,Combo 3 Pudding Thá» - å°å…”å¸ƒä¸å¥—é¤ğŸ‹ğŸ“,ğŸ“ğŸ‹ğŸ“,90000.0,True,True,True,2
1000045833,2776028,å¤§å¨æ¨è - Chef Recommendation,105550142,Cá»“i SÃ² Äiá»‡p Sá»‘t Dáº§u HÃ o Cáº£i ThÃ¬a - èšæ²¹æ‰‡è´é…é’èœ,,118000.0,True,True,True,0
1000045833,2776028,å¤§å¨æ¨è - Chef Recommendation,155922786,Äáº­u Há»§ Ky Báº¡ch Quáº£ Bo Bo - è…ç«¹ç™½æœè–ç±³,,39000.0,True,True,True,0
1000045833,2776028,å¤§å¨æ¨è - Chef Recommendation,160704990,Äáº­u Äá» tráº§n BÃ¬ - é™ˆçš®çº¢è±†æ²™,,33000.0,True,True,True,0
1000045833,2776028,å¤§å¨æ¨è - Chef Recommendation,159069816,Quy Linh Cao Máº­t Ong - é¾Ÿè‹“è†é…èœ‚èœœ,,26000.0,True,True,True,1
1000045833,2776028,å¤§å¨æ¨è - Chef Recommendation,122139547,TrÃ´i NÆ°á»›c Äáº­u Phá»™ng Hoáº¡t HÃ¬nh  ( PhiÃªn Báº£n Disney ),PhiÃªnÂ Báº£nÂ Gáº¥uÂ Pooh,59000.0,True,True,True,0
1000045833,2776028,å¤§å¨æ¨è - Chef Recommendation,153953067,BÃ¡nh Bao Kim Sa Hoáº¡t HÃ¬nh - å¡é€šé‡‘æ²™åŒ…,,90000.0,True,True,True,0
1000045833,2776028,å¤§å¨æ¨è - Chef Recommendation,158962607,Canh BÃ o NgÆ° - é²é±¼æ±¤,,88000.0,True,True,True,0
1000045833,2776028,å¤§å¨æ¨è - Chef Recommendation,137654615,TrÃ´i NÆ°á»›c Äáº­u Phá»™ng ( PhiÃªn Báº£n Gáº¥u Cony ),NhÃ¢nÂ Váº­tÂ Hoáº¡tÂ HÃ¬nhÂ LineÂ Friends,59000.0,True,True,True,0
1000045833,2776028,å¤§å¨æ¨è - Chef Recommendation,161197436,TrÃ´i NÆ°á»›c Äáº­u Phá»™ng ( PhiÃªn Báº£n May Máº¯n èŠ±ç”Ÿæ±¤åœ†ï¼ˆå¥½äº‹å‘ç”Ÿï¼‰,,59000.0,True,True,True,0
1000045833,2776028,å¤§å¨æ¨è - Chef Recommendation,162414661,Cocount Pandan Jelly,,30000.0,True,True,True,0
1000045833,2776028,å¤§å¨æ¨è - Chef Recommendation,161687111,Quy Linh Äáº­u Äá» Sá»¯a TÆ°Æ¡i - é¾Ÿè‹“çº¢è±†,,39000.0,True,True,True,0
1000045833,2776028,å¤§å¨æ¨è - Chef Recommendation,155847649,BÃ¡nh Bao Kim Sa Hoáº¡t HÃ¬nh - å¡é€šé‡‘æ²™åŒ…,,90000.0,True,True,True,0
1000045833,2776028,å¤§å¨æ¨è - Chef Recommendation,155924261,BÃ¡nh Bao Kim Sa Hoáº¡t HÃ¬nh Gáº¥u Cony - å¡é€šé‡‘æ²™åŒ…,,90000.0,True,True,True,0
1000045833,2776231,æ‹›ç‰Œèœ - MÃ³n Äáº·c Biá»‡t,41684993,Soup Cá»“i SÃ² Äiá»‡p HongKong - æ¸¯å¼æ‰‡è´ç¾¹,,39000.0,True,True,True,10+
1000045833,2776231,æ‹›ç‰Œèœ - MÃ³n Äáº·c Biá»‡t,41684996,Äáº­u Há»§ Háº£i Sáº£n PhÃ´ Mai - èŠå£«è±†è…,,88000.0,True,True,True,3
1000045833,2776231,æ‹›ç‰Œèœ - MÃ³n Äáº·c Biá»‡t,41688453,Cá»“i SÃ² Äiá»‡p Ãp Cháº£o - æ¸…ç‚¸æ‰‡è´,,88000.0,True,True,True,0
1000045833,2776231,æ‹›ç‰Œèœ - MÃ³n Äáº·c Biá»‡t,50742528,TÃ´m TÆ°Æ¡i ViÃªn HongKong - æ¸¯å¼è™¾ä¸¸,ÄÆ°á»£c LÃ m Tá»« TÃ´m TÆ°Æ¡i Thuá»· Tinh,88000.0,True,True,True,0
1000045833,2776231,æ‹›ç‰Œèœ - MÃ³n Äáº·c Biá»‡t,43561504,TÃ´m HÃ¹m ViÃªn Ãp Cháº£o - æ¸…ç‚¸é¾™è™¾ä¸¸,,98000.0,True,True,True,0
1000045833,2776231,æ‹›ç‰Œèœ - MÃ³n Äáº·c Biá»‡t,122339087,BÃ¡nh Bao Sáº§u RiÃªng - æ¦´è²åŒ…,,85000.0,True,True,True,0
1000045833,2776382,é¥®æ–™ - Thá»©c Uá»‘ng,41685001,TrÃ  Sá»¯a HongKong - æ¸¯å¼å¥¶èŒ¶,æ‹›ç‰Œæ¸¯å¼å¥¶èŒ¶,32000.0,True,True,True,5
1000045833,2776382,é¥®æ–™ - Thá»©c Uá»‘ng,41688521,TrÃ  Chanh HongKong - å†»æŸ èŒ¶,æ‹›ç‰Œå†»æŸ èŒ¶,32000.0,True,True,True,2
1000045833,2776382,é¥®æ–™ - Thá»©c Uá»‘ng,62804688,Äáº­u NÃ nh NÃ³ng HongKong - æ¸¯å¼çƒ­è±†æµ†,,29000.0,True,True,True,1
1000045833,2776382,é¥®æ–™ - Thá»©c Uá»‘ng,64193640,TrÃ  BÃ´ng CÃºc HongKong Chai 450ml - æ¸¯å¼å†°ç³–èŠèŠ±èŒ¶ç“¶è£… 450ml,,67000.0,True,True,True,2
1000045833,2776382,é¥®æ–™ - Thá»©c Uá»‘ng,54719963,TrÃ  Chanh HongKong Chai 450ml - å†»æŸ èŒ¶ç“¶è£… 450ml,,67000.0,True,True,True,0
1000045833,2776382,é¥®æ–™ - Thá»©c Uá»‘ng,62804457,Socola NÃ³ng - çƒ­å·§å…‹åŠ›,,33000.0,True,True,True,0
1000045833,2776382,é¥®æ–™ - Thá»©c Uá»‘ng,135831764,NÆ°á»›c Ã‰p Nho - è‘¡è„æ±,,29000.0,True,True,True,0
1000045833,2776382,é¥®æ–™ - Thá»©c Uá»‘ng,157940572,TrÃ  BÃ´ng CÃºc ÄÆ°á»ng PhÃ¨n - å†°ç³–èŠèŠ±èŒ¶,Ghi ChÃº NÃ³ng Hoáº·c Láº¡nh - è¯·å¤‡æ³¨çƒ­é¥®æˆ–å†·é¥®,29000.0,True,True,True,1
1000045833,2776382,é¥®æ–™ - Thá»©c Uá»‘ng,120326749,NÆ°á»›c Ã‰p TÃ¡o - è‹¹æœæ±,,29000.0,True,True,True,0
1000045833,2863165,ç”œå“ - MÃ³n Ngá»t,51460946,TrÃ´i NÆ°á»›c Äáº­u Phá»™ng Sá»¯a TÆ°Æ¡i HongKong - æ¸¯å¼èŠ±ç”Ÿç‰›å¥¶æ±¤åœ†,,49000.0,True,True,True,4
1000045833,2863165,ç”œå“ - MÃ³n Ngá»t,45530585,TrÃ´i NÆ°á»›c MÃ¨ Äen HongKong - æ¸¯å¼èŠéº»æ±¤åœ†,,39000.0,True,True,True,2
1000045833,2863165,ç”œå“ - MÃ³n Ngá»t,46573026,Coconut Milk Jelly - æ¤°å­å¤§èœç³•,,30000.0,True,True,True,1
1000045833,2863165,ç”œå“ - MÃ³n Ngá»t,45007010,ChÃ¨ NhÃ£n Nhá»¥c Láº¡nh - å…ƒè‚‰å†°,,36000.0,True,True,True,1
1000045833,2863165,ç”œå“ - MÃ³n Ngá»t,123234366,Äáº­u Há»§ Háº¡nh NhÃ¢n- æä»è±†è…,,33000.0,True,True,True,1
1000045833,2863165,ç”œå“ - MÃ³n Ngá»t,45212851,Egg Jelly - è›‹èŠ±å¤§èœç³•,,30000.0,True,True,True,1
1000045833,2863165,ç”œå“ - MÃ³n Ngá»t,75450765,å°å…”å¸ƒä¸ - Pudding Thá» UyÃªn Æ¯Æ¡ng,,55000.0,True,True,True,1
1000045833,2863165,ç”œå“ - MÃ³n Ngá»t,161690179,ChÃ¨ NhÃ£n Nhá»¥c Báº¡ch Quáº£ Láº¡nh - ç™½æœå…ƒè‚‰å†°,,39000.0,True,True,True,0
1000045833,2863165,ç”œå“ - MÃ³n Ngá»t,152094293,Pudding Thá» XoÃ i - èŠ’æœå°å…”å¸ƒä¸,,30000.0,True,True,True,0
1000045833,2863165,ç”œå“ - MÃ³n Ngá»t,156666272,ç™½æœå¤§èœç³• - Herbal Jelly,,30000.0,True,True,True,1
1000035599,-1,MÃ³n Äang Giáº£m,159738777,Pháº­t Nháº£y TÆ°á»ng - ä½›è·³å¢™,"Háº£i SÃ¢m Gai ThÆ°á»£ng Háº¡ng, Vi CÃ¡, BÃ o NgÆ°, Cá»“i SÃ² Äiá»‡p Nháº­t",398000.0,True,True,True,0
1000035599,-1,MÃ³n Äang Giáº£m,153323362,Combo 3 Pudding Thá» - å°å…”å¸ƒä¸å¥—é¤,,90000.0,True,True,True,0
1000035599,2283352,Chef Recommendation - å¤§å¨æ¨è,26859997,Äáº­u Há»§ CÃ¡ ViÃªn HongKong ThÆ°á»£ng Háº¡ng - æ¸¯å¼è±†è…é±¼ä¸¸,Äáº­u Há»§ Äáº·c Biá»‡t - CÃ¡ ViÃªn æ‹›ç‰Œè±†è…-é±¼ä¸¸,65000.0,True,True,True,4
1000035599,2283352,Chef Recommendation - å¤§å¨æ¨è,46937925,CÃ¡ ViÃªn HongKong - æ¸¯å¼é±¼ä¸¸,,58000.0,True,True,True,2
1000035599,2283352,Chef Recommendation - å¤§å¨æ¨è,36599481,Soup Cá»“i SÃ² Äiá»‡p HongKong - æ¸¯å¼æ‰‡è´ç¾¹,,39000.0,True,True,True,0
1000035599,2283352,Chef Recommendation - å¤§å¨æ¨è,41693939,MÃ¬ Dáº§u HÃ o Cháº£ CÃ¡ HongKong ThÆ°á»£ng Háº¡ng  - æ¸¯å¼èšæ²¹æé¢-é±¼ç‰‡,,69999.0,True,True,True,1
1000035599,2283352,Chef Recommendation - å¤§å¨æ¨è,47242804,MÃ¬ Dáº§u HÃ o Cá»“i SÃ² Äiá»‡p HongKong ThÆ°á»£ng Háº¡ng - æ¸¯å¼èšæ²¹æé¢-æ‰‡è´,MÃ¬ Dáº§u HÃ o HongKong VÃ  SÃ² Äiá»‡p Hokkaido ThÆ°á»£ng Háº¡ng,69999.0,True,True,True,1
1000035599,2283352,Chef Recommendation - å¤§å¨æ¨è,97785715,HÃ¡ Cáº£o TÃ´m TÆ°Æ¡i HongKong - æ¸¯å¼è™¾ä»è™¾é¥º,,78000.0,True,True,True,2
1000035599,2283352,Chef Recommendation - å¤§å¨æ¨è,68334471,Kaya Butter Toast - å’–æ¤°åå¸,,22000.0,True,True,True,0
1000035599,2283352,Chef Recommendation - å¤§å¨æ¨è,91726216,BÃ¡nh Cuá»‘n TÃ´m TÆ°Æ¡i SÃ² Äiá»‡p HongKong ThÆ°á»£ng Háº¡ng - æ¸¯å¼é²œè™¾è‚ ç²‰,,88000.0,True,True,True,1
1000035599,2283352,Chef Recommendation - å¤§å¨æ¨è,159738777,Pháº­t Nháº£y TÆ°á»ng - ä½›è·³å¢™,"Háº£i SÃ¢m Gai ThÆ°á»£ng Háº¡ng, Vi CÃ¡, BÃ o NgÆ°, Cá»“i SÃ² Äiá»‡p Nháº­t",398000.0,True,True,True,0
1000035599,2283352,Chef Recommendation - å¤§å¨æ¨è,50753009,TÃ u Há»§ Ky Cuá»™n TÃ´m TuÆ¡i ChiÃªn HongKong - æ¸¯å¼é²œè™¾è…ç«¹å·,,88000.0,True,True,True,0
1000035599,2283352,Chef Recommendation - å¤§å¨æ¨è,93100717,Canh TÃ´m Phá»‰ ThuÃ½ HongKong - æ¸¯å¼è™¾æ»‘æ±¤,,58000.0,True,True,True,4
1000035599,2283352,Chef Recommendation - å¤§å¨æ¨è,117893954,Soup Vi CÃ¡ Cá»“i SÃ² Äiá»‡p ThÆ°á»£ng Háº¡ng - é±¼ç¿…æ‰‡è´ç¾¹,,88000.0,True,True,True,0
1000035599,2283352,Chef Recommendation - å¤§å¨æ¨è,50753006,MÃ¬ Dáº§u HÃ o HongKong KÃ¨m Soup TÃ´m TÆ°Æ¡i Phá»‰ ThuÃ½ ThÆ°á»£ng Háº¡ng,æ‹›ç‰Œæ¸¯å¼èšæ²¹æé¢é…è™¾æ»‘æ±¤,88000.0,True,True,True,2
1000035599,2283352,Chef Recommendation - å¤§å¨æ¨è,54720025,TrÃ  Sá»¯a HongKong ThÆ°á»£ng Háº¡ng Chai 450ml - æ¸¯å¼å¥¶èŒ¶ç“¶è£… 450ml,,69000.0,True,True,True,0
1000035599,2283352,Chef Recommendation - å¤§å¨æ¨è,92365240,XÃ­u Máº¡i TÃ´m TÆ°Æ¡i HongKong ThÆ°á»£ng Háº¡ng - æ¸¯å¼é²œè™¾çƒ§å–,,75000.0,True,True,True,1
1000035599,2283352,Chef Recommendation - å¤§å¨æ¨è,54013837,Sá»¯a Äáº­u NÃ nh HongKong Chai 450ml - æ¸¯å¼è±†æµ†ç“¶è£… 450ml,,59000.0,True,True,True,0
1000035599,2283352,Chef Recommendation - å¤§å¨æ¨è,44657102,Pudding Thá» DÃ¢u TÃ¢y - å°å…”å¸ƒä¸,,30000.0,True,True,True,0
1000035599,2283352,Chef Recommendation - å¤§å¨æ¨è,92392093,HÃ¡ Cáº£o TÃ´m TuÆ¡i Than Tre HongKong ThÆ°á»£ng Háº¡ng - æ¸¯å¼é²œè™¾è™¾é¥º,,88000.0,True,True,True,1
1000035599,2283352,Chef Recommendation - å¤§å¨æ¨è,160705028,Äáº­u Äá» Tráº§n BÃ¬ - é™ˆçš®çº¢è±†æ²™,,33000.0,True,True,True,1
1000035599,2283352,Chef Recommendation - å¤§å¨æ¨è,77438747,TÃ´m HÃ¹m ViÃªn HoÃ ng Kim - é‡‘æ²™é¾™è™¾ä¸¸,,128000.0,True,True,True,1
1000035599,2283352,Chef Recommendation - å¤§å¨æ¨è,91896063,BÃ¡nh Bao Kim Sa HongKong - æ¸¯å¼é‡‘æ²™åŒ…,,80000.0,True,True,True,0
1000035599,2283352,Chef Recommendation - å¤§å¨æ¨è,153323362,Combo 3 Pudding Thá» - å°å…”å¸ƒä¸å¥—é¤,,90000.0,True,True,True,0
1000035599,2283352,Chef Recommendation - å¤§å¨æ¨è,157251999,ChÃ¨ MÃ¨ Äen - èŠéº»ç³Š,,33000.0,True,True,True,0
1000035599,2283352,Chef Recommendation - å¤§å¨æ¨è,93708251,TrÃ  Sá»¯a Thá» - å°å…”å¥¶èŒ¶,,59000.0,True,True,True,1
1000035599,2283352,Chef Recommendation - å¤§å¨æ¨è,155922878,TÃ u Há»§ Ky Báº¡ch Quáº£ Bo Bo - è…ç«¹ç™½æœè–ç±³,,39000.0,True,True,True,0
1000035599,2283352,Chef Recommendation - å¤§å¨æ¨è,154339895,Quy Linh Thanh MÃ¡t 3 MÃ³n - æ¸…å‡‰é¾Ÿè‹“ä¸‰æ ·,Quy Linh NhÃ£n Nhá»¥c Hoa Trá»©ng - é¾Ÿè‹“ å…ƒè‚‰ è›‹èŠ±,39000.0,True,True,True,0
1000035599,2283352,Chef Recommendation - å¤§å¨æ¨è,155176583,Set MÃ¬ Dáº§u HÃ o VÃ  Canh BÃ o NgÆ° ThÆ°á»£ng Háº¡ng,æ¸¯å¼èšæ²¹æé¢é…é²é±¼æ±¤,88000.0,True,True,True,0
1000035599,2283352,Chef Recommendation - å¤§å¨æ¨è,156926480,Soup BÃ o NgÆ° TÃ³c TiÃªn ThÆ°á»£ng Háº¡ng - é²é±¼å‘èœç¾¹,,88000.0,True,True,True,0
1000035599,2283352,Chef Recommendation - å¤§å¨æ¨è,155847683,BÃ¡nh Bao Kim Sa Hoáº¡t HÃ¬nh - å¡é€šé‡‘æ²™åŒ…,,90000.0,True,True,True,0
1000035599,2283352,Chef Recommendation - å¤§å¨æ¨è,159069839,Quy Linh Cao Máº­t Ong - é¾Ÿè‹“è†é…èœ‚èœœ,,26000.0,True,True,True,0
1000035599,2283352,Chef Recommendation - å¤§å¨æ¨è,155153912,BÃ o NgÆ° Sá»‘t Dáº§u HÃ o ThÆ°á»£ng Háº¡ng - æ‹›ç‰Œèšæ±é²é±¼,1 pháº§n gá»“m 3 con loáº¡i to,138000.0,True,True,True,0
1000035599,2283352,Chef Recommendation - å¤§å¨æ¨è,158962569,Canh BÃ o NgÆ° - é²é±¼æ±¤,,88000.0,True,True,True,0
1000035599,2283352,Chef Recommendation - å¤§å¨æ¨è,105550149,Cá»“i SÃ² Äiá»‡p Sá»‘t Dáº§u HÃ o Cáº£i ThÃ¬a - èšæ²¹æ‰‡è´é…é’èœ,,118000.0,True,True,True,0
1000035599,2283352,Chef Recommendation - å¤§å¨æ¨è,153953063,BÃ¡nh Bao Kim Sa Hoáº¡t HÃ¬nh - å¡é€šé‡‘æ²™åŒ…,,90000.0,True,True,True,0
1000035599,2283352,Chef Recommendation - å¤§å¨æ¨è,162414551,Coconut Pandan Jelly,,30000.0,True,True,True,0
1000035599,2283352,Chef Recommendation - å¤§å¨æ¨è,161687139,Quy Linh Äáº­u Äá» Sá»¯a TÆ°Æ¡i - é¾Ÿè‹“çº¢è±†,,39000.0,True,True,True,0
1000035599,2283352,Chef Recommendation - å¤§å¨æ¨è,155924239,BÃ¡nh Bao Kim Sa Hoáº¡t HÃ¬nh Gáº¥u Cony - å¡é€šé‡‘æ²™åŒ…,,90000.0,True,True,True,0
1000035599,7165142,Táº·ng Ngay TÃºi Váº£i - PhiÃªn Báº£n Äáº·c Biá»‡t,161546086,Táº·ng Ngay TÃºi Váº£i,Ãp Dá»¥ng Cho ÄÆ¡n HÃ ng Tá»« 299k,1.0,True,True,True,0
1000035599,7422643,æ–°æ¬¾çƒ­å–^_^,164956233,RÃ¹a Quy Linh Cao TrÃ  Sá»¯a,ä¹Œé¾Ÿé¾Ÿè‹“è†é…å¥¶èŒ¶,29999.0,True,True,True,0
1000035599,2368306,MÃ³n Äáº·c Biá»‡t - æ‹›ç‰Œèœ,29128718,TÃ´m TÆ°Æ¡i ViÃªn HongKong - æ¸¯å¼è™¾ä¸¸,ÄÆ°á»£c LÃ m Tá»« TÃ´m TÆ°Æ¡i Thuá»· Tinh,88000.0,True,True,True,1
1000035599,2368306,MÃ³n Äáº·c Biá»‡t - æ‹›ç‰Œèœ,29416348,Cá»“i SÃ² Äiá»‡p Ãp Cháº£o HongKong - é…¥ç‚¸æ‰‡è´,ÄÆ°á»£c LÃ m Tá»« Cá»“i SÃ² Äiá»‡p Hokkaido,88000.0,True,True,True,0
1000035599,2368306,MÃ³n Äáº·c Biá»‡t - æ‹›ç‰Œèœ,36425805,Äáº­u Há»§ Háº£i Sáº£n PhÃ´ Mai - èŠå£«è±†è…,,88000.0,True,True,True,0
1000035599,2368306,MÃ³n Äáº·c Biá»‡t - æ‹›ç‰Œèœ,36714802,TÃ´m HÃ¹m ViÃªn Ãp Cháº£o  - é…¥ç‚¸é¾™è™¾ä¸¸,,98000.0,True,True,True,0
1000035599,2368306,MÃ³n Äáº·c Biá»‡t - æ‹›ç‰Œèœ,122339082,BÃ¡nh Bao Sáº§u RiÃªng - æ¦´è²åŒ…,,85000.0,True,True,True,0
1000035599,7827374,TrÃ´i NÆ°á»›c HongKong - æ¸¯å¼æ±¤åœ†,45530580,TrÃ´i NÆ°á»›c Äáº­u Phá»™ng HongKong - æ¸¯å¼èŠ±ç”Ÿæ±¤åœ†,,39000.0,True,True,True,1
1000035599,7827374,TrÃ´i NÆ°á»›c HongKong - æ¸¯å¼æ±¤åœ†,45530574,TrÃ´i NÆ°á»›c MÃ¨ Äen HongKong - æ¸¯å¼èŠéº»æ±¤åœ†,,39000.0,True,True,True,2
1000035599,7827374,TrÃ´i NÆ°á»›c HongKong - æ¸¯å¼æ±¤åœ†,51460950,TrÃ´i NÆ°á»›c Äáº­u Phá»™ng Sá»¯a TÆ°Æ¡i HongKong - æ¸¯å¼èŠ±ç”Ÿç‰›å¥¶æ±¤åœ†,,49000.0,True,True,True,0
1000035599,7827374,TrÃ´i NÆ°á»›c HongKong - æ¸¯å¼æ±¤åœ†,122139536,TrÃ´i NÆ°á»›c Äáº­u Phá»™ng Hoáº¡t HÃ¬nh  ( PhiÃªn Báº£n Disney ),PhiÃªn Báº£n Heo Piglet,59000.0,True,True,True,0
1000035599,7827374,TrÃ´i NÆ°á»›c HongKong - æ¸¯å¼æ±¤åœ†,137654676,TrÃ´i NÆ°á»›c Äáº­u Phá»™ng ( PhiÃªn Báº£n Gáº¥u Cony ),NhÃ¢n Váº­t Line Friends,59000.0,True,True,True,0
1000035599,7827374,TrÃ´i NÆ°á»›c HongKong - æ¸¯å¼æ±¤åœ†,122139538,TrÃ´i NÆ°á»›c Äáº­u Phá»™ng Hoáº¡t HÃ¬nh  ( PhiÃªn Báº£n Disney ),PhiÃªn Báº£n Gáº¥u Pooh,59000.0,True,True,True,0
1000035599,7827374,TrÃ´i NÆ°á»›c HongKong - æ¸¯å¼æ±¤åœ†,161197428,TrÃ´i NÆ°á»›c Äáº­u Phá»™ng ( PhiÃªn Báº£n May Máº¯n ) èŠ±ç”Ÿæ±¤åœ†ï¼ˆå¥½äº‹å‘ç”Ÿï¼‰,,59000.0,True,True,True,0
1000035599,2284062,MÃ³n Ngá»t - ç³–æ°´,123231598,Äáº­u Há»§ Háº¡nh NhÃ¢n - æä»è±†è…,,33000.0,True,True,True,0
1000035599,2284062,MÃ³n Ngá»t - ç³–æ°´,33874663,ChÃ¨ NhÃ£n Nhá»¥c Láº¡nh - å…ƒè‚‰å†°,å…ƒè‚‰å†°ç³–æ°´,36000.0,True,True,True,0
1000035599,2284062,MÃ³n Ngá»t - ç³–æ°´,161690335,NhÃ£n Nhá»¥c Báº¡ch Quáº£ Láº¡nh - ç™½æœå…ƒè‚‰å†°,,39000.0,True,True,True,0
1000035599,2284002,Thá»©c Uá»‘ng - é¥®æ–™,26866990,TrÃ  Sá»¯a HongKong - æ¸¯å¼å¥¶èŒ¶,æ‹›ç‰Œæ¸¯å¼å¥¶èŒ¶,32000.0,True,True,True,1
1000035599,2284002,Thá»©c Uá»‘ng - é¥®æ–™,26867069,TrÃ  Chanh HongKong - å†»æŸ èŒ¶,æ‹›ç‰Œå†»æŸ èŒ¶,32000.0,True,True,True,1
1000035599,2284002,Thá»©c Uá»‘ng - é¥®æ–™,62804694,Äáº­u NÃ nh NÃ³ng HongKong - æ¸¯å¼çƒ­è±†æµ†,,29000.0,True,True,True,1
1000035599,2284002,Thá»©c Uá»‘ng - é¥®æ–™,64193645,TrÃ  BÃ´ng CÃºc HongKong Chai 450ml - æ¸¯å¼å†°ç³–èŠèŠ±èŒ¶ç“¶è£… 450ml,,67000.0,True,True,True,0
1000035599,2284002,Thá»©c Uá»‘ng - é¥®æ–™,54719987,TrÃ  Chanh HongKong Chai 450ml - å†»æŸ èŒ¶ç“¶è£… 450ml,,67000.0,True,True,True,0
1000035599,2284002,Thá»©c Uá»‘ng - é¥®æ–™,62804466,Socola NÃ³ng - çƒ­å·§å…‹åŠ›,,33000.0,True,True,True,0
1000035599,2284002,Thá»©c Uá»‘ng - é¥®æ–™,120326757,NÆ°á»›c Ã‰p TÃ¡o - è‹¹æœæ±,,29000.0,True,True,True,0
1000035599,2284002,Thá»©c Uá»‘ng - é¥®æ–™,145989708,NÆ°á»›c Ã‰p Nho - è‘¡è„æ±,,29000.0,True,True,True,0
1000035599,2284002,Thá»©c Uá»‘ng - é¥®æ–™,157940587,TrÃ  BÃ´ng CÃºc ÄÆ°á»ng PhÃ¨n - å†°ç³–èŠèŠ±èŒ¶,Ghi ChÃº NÃ³ng Hoáº·c Láº¡nh - è¯·å¤‡æ³¨çƒ­é¥®æˆ–å†·é¥®,29000.0,True,True,True,0
1000035599,2615867,Jelly - å¤§èœç³•,36425793,æ¤°æ±å¤§èœç³• - Coconut Jelly,,30000.0,True,True,True,2
1000035599,2615867,Jelly - å¤§èœç³•,36425796,è›‹èŠ±å¤§èœç³• - Egg Jelly,,30000.0,True,True,True,1
1000035599,2615867,Jelly - å¤§èœç³•,36425814,å…ƒè‚‰å¤§èœç³• - Longan Jelly,,30000.0,True,True,True,0
1000035599,2863170,MÃ³n Ngá»t - ç”œå“,76939942,Pudding Thá» UyÃªn Æ¯Æ¡ng - å°å…”å¸ƒä¸,,55000.0,True,True,True,0
1000035599,2863170,MÃ³n Ngá»t - ç”œå“,156666327,ç™½æœå¤§èœç³• - Herbal Jelly,,30000.0,True,True,True,0
1000035599,2863170,MÃ³n Ngá»t - ç”œå“,152096797,Pudding Thá» XoÃ i - èŠ’æœå°å…”å¸ƒä¸,,30000.0,True,True,True,0
1000046725,-1,MÃ³n Äang Giáº£m,158054449,Set 4 Kaya Buttet Toast,SET 4 BÃNH KAYA BUTTET TOAST,88000.0,True,True,True,1
1000046725,2895666,Sandwich NÆ°á»›ng Truyá»n Thá»‘ng Singapore - æ–°åŠ æ³¢ä¼ ç»Ÿåå¸,45742049,Kaya Butter Toast - æ–°åŠ æ³¢å’–æ¤°åå¸,SINGAPORE TRADITIONAL SANDWICH,22000.0,True,True,True,10+
1000046725,2895666,Sandwich NÆ°á»›ng Truyá»n Thá»‘ng Singapore - æ–°åŠ æ³¢ä¼ ç»Ÿåå¸,158054449,Set 4 Kaya Buttet Toast,SET 4 BÃNH KAYA BUTTET TOAST,88000.0,True,True,True,1
1000046725,2895666,Sandwich NÆ°á»›ng Truyá»n Thá»‘ng Singapore - æ–°åŠ æ³¢ä¼ ç»Ÿåå¸,158244708,Cheese Ham Toast - èŠå£«ç«è…¿åå¸,,59000.0,True,True,True,2
1000046725,2895666,Sandwich NÆ°á»›ng Truyá»n Thá»‘ng Singapore - æ–°åŠ æ³¢ä¼ ç»Ÿåå¸,153911116,Toast TÃ´m TÆ°Æ¡i Äáº·c Biá»‡t - é²œè™¾åå¸,,69000.0,True,True,True,2
1000046725,6546384,CheeseÂ HotdogÂ -Â èŠå£«çƒ­ç‹—,155091434,Mozzarella Cheese Ball,5Â pcs,59000.0,True,True,True,0
1000046725,6546384,CheeseÂ HotdogÂ -Â èŠå£«çƒ­ç‹—,154379808,Cheese Hotdog,2Â CheeseÂ Hotdog,69000.0,True,True,True,0
1000046725,5729460,American Hotdog - ç¾å¼çƒ­ç‹—,133705481,American Hotdog - ç¾å¼çƒ­ç‹—,,55000.0,True,True,True,0
1000046725,2897445,Cold Drink,45783129,TrÃ  Äen Vá»›i Sá»¯a Äáº·c - çº¢èŒ¶ç‰›å¥¶,SINGAPORE TRADITIONAL ICED TEA WITH CONDENSED MILK,32000.0,True,True,True,4
1000046725,2897445,Cold Drink,45783139,TrÃ  Chanh TÆ°Æ¡i - å†»æŸ èŒ¶,SINGAPORE TRADITIONAL ICED LEMON TEA,32000.0,True,True,True,3
1000046725,2897445,Cold Drink,90785199,TrÃ  Sá»¯a Chai 450ml - å¥¶èŒ¶ç“¶è£… 450ml,,69000.0,True,True,True,0
1000046725,2897445,Cold Drink,90785204,TrÃ  Chanh TÆ°Æ¡i Chai 450ml - å†»æŸ èŒ¶ç“¶è£… 450ml,,67000.0,True,True,True,0
1000046725,2897445,Cold Drink,45783137,CÃ  PhÃª Vá»›i Sá»¯a TÆ°Æ¡i - é²œå¥¶å’–å•¡,SINGAPORE TRADITIONAL ICED FRESH MILK COFFEE,36000.0,True,True,True,1
1000046725,2897445,Cold Drink,45783134,CÃ  PhÃª Vá»›i Sá»¯a Äáº·c - ç‰›å¥¶å’–å•¡,SINGAPORE TRADITIONAL ICED MILK COFFEE,33000.0,True,True,True,0
1000046725,2897445,Cold Drink,93708253,TrÃ  Sá»¯a Thá» - å°å…”å¥¶èŒ¶,,59000.0,True,True,True,1
1000046725,2897445,Cold Drink,154117722,TrÃ  Chanh VÃ ng Máº­t Ong - Honey Iced Lemon Tea,,39000.0,True,True,True,0
1000046725,2897446, Hot Drink,62804423,Socola NÃ³ng - çƒ­å·§å…‹åŠ›,SINGAPORE TRADITIONAL HOT CHOCOLATE,33000.0,True,True,True,0
1000046725,2944129,Singapore Fish Ball Soup,47242819,CÃ¡ ViÃªn Singapore - æ–°åŠ æ³¢é±¼ä¸¸æ±¤,SINGAPORE FISH BALL SOUP,58000.0,True,True,True,2
1000046725,2944129,Singapore Fish Ball Soup,68334436,Äáº­u Há»§ CÃ¡ ViÃªn Singapore - æ–°åŠ æ³¢é±¼ä¸¸è±†è…,SINGAPORE FISH BALL TOFU SOUP,65000.0,True,True,True,2
1000046725,2944130,Noodle,52653412,MÃ¬ Dáº§u HÃ o Cá»“i SÃ² Äiá»‡p Singapore - æ–°åŠ æ³¢æ‰‡è´å¹²é¢,SINGAPORE SCALLOP NOODLE,69999.0,True,True,True,7
1000046725,2944130,Noodle,47242830,MÃ¬ Dáº§u HÃ o Cháº£ CÃ¡ Singapore - æ–°åŠ æ³¢é±¼å¹²é¢,SINGAPORE FISH NOODLE,69999.0,True,True,True,2
1000046725,2944130,Noodle,155176586,Set MÃ¬ Dáº§u HÃ o VÃ  Canh BÃ o NgÆ° ThÆ°á»£ng Háº¡ng,èšæ²¹æé¢é…é²é±¼æ±¤,88000.0,True,True,True,1
1000046725,4271986,Dimsum,93100710,BÃ¡nh Cuá»‘n TÃ´m TÆ°Æ¡i - é²œè™¾è‚ ç²‰,,88000.0,True,True,True,0
1000046725,4271986,Dimsum,93100712,BÃ¡nh Bao Kim Sa - é‡‘æ²™åŒ…,,80000.0,True,True,True,0
1000046725,4271986,Dimsum,97785704,HÃ¡ Cáº£o TÃ´m TÆ°Æ¡i - è™¾ä»è™¾é¥º,,78000.0,True,True,True,1
1000046725,4271986,Dimsum,93100703,XÃ­u Máº¡i TÃ´m TÆ°Æ¡i - é²œè™¾çƒ§å–,,75000.0,True,True,True,2
1000046725,4271986,Dimsum,122339094,BÃ¡nh Bao Sáº§u RiÃªng - Durian Dumpling,,85000.0,True,True,True,1
1000046725,4271986,Dimsum,93100706,HÃ¡ Cáº£o TÃ´m TÆ°Æ¡i Than Tre - é²œè™¾è™¾é¥º,,88000.0,True,True,True,1
1000046725,4271986,Dimsum,153953064,BÃ¡nh Bao Kim Sa Hoáº¡t HÃ¬nh - å¡é€šé‡‘æ²™åŒ…,,90000.0,True,True,True,0
1000046725,4271986,Dimsum,155847671,BÃ¡nh Bao Kim Sa hoáº¡t HÃ¬nh - å¡é€šé‡‘æ²™åŒ…,,90000.0,True,True,True,0
1000046725,4271986,Dimsum,155924230,BÃ¡nh Bao Kim Sa Hoáº¡t HÃ¬nh Gáº¥u Cony - å¡é€šé‡‘æ²™åŒ…,,90000.0,True,True,True,0
1000046725,3411467,Special Dishes,117893965,Soup Vi CÃ¡ Cá»“i SÃ² Äiá»‡p ThÆ°á»£ng Háº¡ng - é±¼ç¿…æ‰‡è´ç¾¹,,88000.0,True,True,True,1
1000046725,3411467,Special Dishes,93360437,Cá»“i SÃ² Äiá»‡p Nháº­t Ãp Cháº£o - æ¸…ç‚¸æ‰‡è´,,88000.0,True,True,True,0
1000046725,3411467,Special Dishes,156926503,Soup BÃ o NgÆ° TÃ³c TiÃªn - é²é±¼å‘èœç¾¹,,88000.0,True,True,True,0
1000046725,3411467,Special Dishes,68334438,Seafood Cheese Tofu - èŠå£«è±†è…,,88000.0,True,True,True,0
1000046725,3411467,Special Dishes,93100684,Canh TÃ´m Phá»‰ ThuÃ½ - è™¾æ»‘æ±¤,,58000.0,True,True,True,0
1000046725,3411467,Special Dishes,68334440,TÃ´m HÃ¹m ViÃªn Ãp Cháº£o - æ¸…ç‚¸é¾™è™¾ä¸¸,LOBSTER BALL,98000.0,True,True,True,0
1000046725,3411467,Special Dishes,155153921,BÃ o NgÆ° Sá»‘t Dáº§u HÃ o ThÆ°á»£ng Háº¡ng - æ‹›ç‰Œèšæ±é²é±¼,1 pháº§n gá»“m 3 con loáº¡i to,138000.0,True,True,True,0
1000046725,3411467,Special Dishes,93100687,TÃ´m HÃ¹m ViÃªn HoÃ ng Kim - é‡‘æ²™é¾™è™¾ä¸¸,,128000.0,True,True,True,0
1000046725,3411467,Special Dishes,105550144,Cá»“i SÃ² Äiá»‡p Sá»‘t Dáº§u HÃ o Cáº£i ThÃ¬a - èšæ²¹æ‰‡è´é…é’èœ,,118000.0,True,True,True,0
1000046725,3815263,Dessert,84733822,TrÃ´i NÆ°á»›c Äáº­u Phá»™ng - èŠ±ç”Ÿæ±¤åœ†,,39000.0,True,True,True,1
1000046725,3815263,Dessert,84733805,TrÃ´i Nuá»›c Äáº­u Phá»™ng Sá»¯a TÆ°Æ¡i - èŠ±ç”Ÿç‰›å¥¶æ±¤åœ†,,49000.0,True,True,True,2
1000046725,3815263,Dessert,90785201,TrÃ´i NÆ°á»›c MÃ¨ Äen - èŠéº»æ±¤åœ†,,39000.0,True,True,True,1
1000046725,3815263,Dessert,157251819,ChÃ¨ MÃ¨ Äen - èŠéº»ç³Š,,33000.0,True,True,True,1
1000046725,3815263,Dessert,123311179,æä»è±†è… - Äáº­u Há»§ Háº¡nh NhÃ¢n,,33000.0,True,True,True,2
1000046725,3815263,Dessert,154339742,Quy Linh Thanh MÃ¡t 3 MÃ³n - æ¸…å‡‰é¾Ÿè‹“ä¸‰æ ·,Quy Linh NhÃ£n Nhá»¥c Hoa Trá»©ng - é¾Ÿè‹“è†å…ƒè‚‰è›‹èŠ±,39000.0,True,True,True,0
1000046725,3815263,Dessert,81952912,Pudding Thá» DÃ¢u TÃ¢y - Berry Pudding,,30000.0,True,True,True,1
1000046725,3815263,Dessert,162414540,Coconut Pandan Jelly,,30000.0,True,True,True,1
1000046725,3815263,Dessert,122139562,TrÃ´i NÆ°á»›c Äáº­u Phá»™ng Hoáº¡t HÃ¬nh  ( PhiÃªn Báº£n Disney ),PhiÃªnÂ Báº£nÂ HeoÂ Piglet,59000.0,True,True,True,0
1000046725,3815263,Dessert,122139561,TrÃ´i NÆ°á»›c Äáº­u Phá»™ng Hoáº¡t HÃ¬nh  ( PhiÃªn Báº£n Disney ),PhiÃªnÂ Báº£nÂ Gáº¥uÂ Pooh,59000.0,True,True,True,0
1000046725,3815263,Dessert,155922847,Äáº­u Há»§ Ky Báº¡ch Quáº£ Bo Bo - è…ç«¹ç™½æœè–ç±³,,39000.0,True,True,True,2
1000046725,3815263,Dessert,159069821,Quy Linh Cao Máº­t Ong - é¾Ÿè‹“è†é…èœ‚èœœ,,26000.0,True,True,True,0
1000046725,3815263,Dessert,161197434,TrÃ´i NÆ°á»›c Äáº­u Phá»™ng ( PhiÃªn Báº£n May Máº¯n èŠ±ç”Ÿæ±¤åœ†ï¼ˆå¥½äº‹å‘ç”Ÿï¼‰,,59000.0,True,True,True,1
1000046725,3815263,Dessert,156666223,ç™½æœå¤§èœç³• - Herbal Jelly,,30000.0,True,True,True,0
1000046725,3815263,Dessert,152096620,Pudding Thá» xoÃ i - èŠ’æœå°å…”å¸ƒä¸,,30000.0,True,True,True,0
1000046725,3815263,Dessert,137882615,TrÃ´i NÆ°á»›c Äáº­u Phá»™ng ( PhiÃªn Báº£n Gáº¥u Cony ),NhÃ¢nÂ Váº­tÂ LineÂ Friends,59000.0,True,True,True,0
1000046725,3815263,Dessert,148492019,ChÃ¨ NhÃ£n Nhá»¥c Láº¡nh - å…ƒè‚‰å†°,,36000.0,True,True,True,0
1000046725,3815263,Dessert,161690220,ChÃ¨ NhÃ£n Nhá»¥c Báº¡ch Quáº£ Láº¡nh - ç™½æœå…ƒè‚‰å†°,,39000.0,True,True,True,0
1000046725,3815263,Dessert,161687124,Quy Linh Äáº­u Äá» Sá»¯a TÆ°Æ¡i - é¾Ÿè‹“çº¢è±†,,39000.0,True,True,True,0
1000046725,3815263,Dessert,153323075,Combo Pudding Thá» - å°å…”å¸ƒä¸å¥—é¤,,79000.0,True,True,True,0
781978,427206,MÃ³n Äƒn,4794623,ChÃ¢n gÃ  nÆ°á»›ng,á»¨ng Cáº·p,20000.0,True,True,True,100+
781978,427206,MÃ³n Äƒn,4794647,Má» gÃ  nÆ°á»›ng,XiÃªn,16000.0,True,True,True,100+
781978,427206,MÃ³n Äƒn,4794632,Chim cÃºt nÆ°á»›ng,Con,23000.0,True,True,True,50+
781978,427206,MÃ³n Äƒn,5916999,CÃ¡nh gÃ  nÆ°á»›ng,,24000.0,True,True,True,50+
781978,427206,MÃ³n Äƒn,6041501,Tim gÃ ,,16000.0,True,True,True,50+
781978,427206,MÃ³n Äƒn,5816001,Muá»‘i á»›t xanh - 500ml,,65000.0,True,True,True,5
1000043788,7484724,Giáº£m 22K - PepsiCo Khao Cá»±c ÄÃ£,165809683,MÃ¬ Ã BÃ² Báº±m Sá»‘t CÃ  Chua + Pepsi,,150000.0,True,True,True,0
1000043788,7484724,Giáº£m 22K - PepsiCo Khao Cá»±c ÄÃ£,165809684,MÃ¬ Ã Carbonara + Pepsi,,160000.0,True,True,True,1
1000043788,7484724,Giáº£m 22K - PepsiCo Khao Cá»±c ÄÃ£,165809682,Macaroni Bolonese Cheese Baked + Pepsi,,160000.0,True,True,True,0
1000043788,2569306,Menu Äáº§u Báº¿p Chá»n ,35102654,MÃ¬ Ã Cua Sá»‘t Kem Náº¥m TÆ°Æ¡i - Crab Spaghetti with sauce Cream and Fresh Mushrooms,"MÃ¬ Ã káº¿t há»£p vá»›i thá»‹t cua náº¥m tÆ°Æ¡i thÆ¡m ngon cÃ¹ng sá»‘t kem bÃ©o vÃ  á»›t paprika thÆ¡m cay nháº¹ Thá»‹t cua, sá»‘t kem, paprika, sá»¯a , náº¥m tÆ°Æ¡i, â€¦â€¦.",175000.0,True,True,True,10+
1000043788,2569306,Menu Äáº§u Báº¿p Chá»n ,35102678,MÃ¬ Ã Carbonara,"Carbonara Spaghetti with Cream Sauce
MÃ¬ Ã sá»‘t kem truyá»n thá»‘ng cá»§a Ã káº¿t há»£p vá»›i bacon xÃ´ng khÃ³i sá»‘t kem thÆ¡m bÃ©o cá»§a cÃ¡c loáº¡i cheese. 
Thá»‹t heo xÃ´ng khÃ³i, sá»‘t kem, lÃ²ng Ä‘á» trá»©ng vÃ  mÃ¬ Ã",135000.0,True,True,True,10+
1000043788,2569306,Menu Äáº§u Báº¿p Chá»n ,35102691,MÃ¬ Ã TÃ´m Sá»‘t Pesto vÃ  Náº¥m TÆ°Æ¡i - Prawn Spaghetti with Pesto Sauce and Fresh Mushrooms,"Sá»‘t Pesto lÃ  1 loáº¡i sá»‘t xanh truyá»n thá»‘ng cá»§a Ã. Vá»›i hÆ°Æ¡ng vá»‹ thÆ¡m ná»“ng cá»§a hÃºng quáº¿ tÆ°Æ¡i, tá»i,cÃ¡c loáº¡i háº¡t vÃ  phomai thÆ¡m bÃ©o, TÃ´m, sá»‘t Pesto (phomai, háº¡t Ä‘iá»u, quáº¿ tÃ¢y...)",135000.0,True,True,True,7
1000043788,2569306,Menu Äáº§u Báº¿p Chá»n ,35102700,MÃ¬ Ã GÃ  Náº¥m Sá»‘t Kem Phomai - Chicken Mushroom Spaghetti with Cream Cheese Sauce,"GÃ , náº¥m, cream, cheese, ngÃ² tÃ¢y...",125000.0,True,True,True,6
1000043788,2569306,Menu Äáº§u Báº¿p Chá»n ,155549956,á»¨c gÃ  nÆ°á»›ng tháº£o má»™c,,179000.0,True,True,True,1
1000043788,2569306,Menu Äáº§u Báº¿p Chá»n ,155382196,Spaghetti shrimp with salted egg - MÃ¬ Ã TÃ´m Sá»‘t Kem Trá»©ng Muá»‘i,,125000.0,True,True,True,1
1000043788,3530097,Beef & Steak,154541107,STEAK BEEF WAGYU 300gr kÃ¨m Khoai TÃ¢y ChiÃªn&Rau Cá»§ BÆ¡ Tá»i,,689000.0,True,True,True,0
1000043788,2569330,PASTAÂ CHEESEÂ Â BAKEDÂ ğŸ§€,35102792,MÃ¬ Ã BÃ² Báº±m Sá»‘t CÃ  Chua -Bolognese spaghetti,,125000.0,True,True,True,4
1000043788,2569330,PASTAÂ CHEESEÂ Â BAKEDÂ ğŸ§€,75448280,Macaroni Bolonese Cheese Baked,,135000.0,True,True,True,5
1000043788,2569330,PASTAÂ CHEESEÂ Â BAKEDÂ ğŸ§€,81088655,MÃ¬ Ã TÃ´m ThiÃªn NhiÃªn Sá»‘t TÃ´m HÃ¹m -Shrimp Spaghetti with Lobster Sauce,MÃ¬ Ã TÃ´m ThiÃªn NhiÃªn Sá»‘t TÃ´m HÃ¹m,145000.0,True,True,True,1
1000043788,2569330,PASTAÂ CHEESEÂ Â BAKEDÂ ğŸ§€,60643516,MÃ¬ Ã BÃ² Má»¹ BBQ KÃ¨m Sá»‘t Phomai Tan Cháº£y,BBQ Beef Spaghetti With Melted Cheese Sauce,165000.0,True,True,True,0
1000043788,2569330,PASTAÂ CHEESEÂ Â BAKEDÂ ğŸ§€,44874453,MÃ¬ Ã BÃ² Luklak Sá»‘t Kem CÃ  Chua -Luklak Beef Spaghetti with Tomato Cream Sauce,"BÃ² luklak, mÃ¬ Ã vÃ  sá»‘t kem cÃ  chua Ä‘áº·c biá»‡t cá»§a Wakeup",145000.0,True,True,True,3
1000043788,2569330,PASTAÂ CHEESEÂ Â BAKEDÂ ğŸ§€,79901190,MÃ¬ Ã TÃ´m Sá»‘t Kem Náº¥m  TÆ°Æ¡i phá»§ Phomai -Shrimp Spaghetti with Cream Sauce,Má»³ Ã½,125000.0,True,True,True,2
1000043788,2569330,PASTAÂ CHEESEÂ Â BAKEDÂ ğŸ§€,150157224,Creamy beef and mushroom spaghetti with Cheese - MÃ¬ Ã BÃ² vÃ  Má»¹ Sá»‘t Kem Náº¥m Phomai,"American beef, onion, mushroom, cream sauce, spaghetti, salt, pepper, cheese, parsley leaves",165000.0,True,True,True,2
1000043788,2569330,PASTAÂ CHEESEÂ Â BAKEDÂ ğŸ§€,35102801,Má»³ Ã Sá»‘t Pesto Thá»‹t xÃ´ng khÃ³i vÃ  Náº¥m TÆ°Æ¡i - Spaghetti Bacon with Pesto Sauce and Fresh Mushrooms,,135000.0,True,True,True,4
1000043788,2569330,PASTAÂ CHEESEÂ Â BAKEDÂ ğŸ§€,82498183,MÃ¬ Ã Háº£i Sáº£n Sá»‘t á»št - Seafood Spaghetti with Chilli Sauce,"TÃ´m ThiÃªn nhiÃªn, Má»±c LÃ¡ Äáº¡i DÆ°Æ¡ng , Ngao Sá»¯a VÃ  Sá»‘t á»št ThÆ¡m BÃ©o. Wild Shrimp, Ocean Leaf Squid, Milk Clams",145000.0,True,True,True,0
1000043788,2569330,PASTAÂ CHEESEÂ Â BAKEDÂ ğŸ§€,80605451,Macaroni Dáº§u Náº¥m Truffle Thá»‹t XÃ´ng KhÃ³i Sá»‘t Náº¥m kem,Spaghetti with Cream Sauce Truffle Oil with Bacon,135000.0,True,True,True,3
1000043788,2569330,PASTAÂ CHEESEÂ Â BAKEDÂ ğŸ§€,75448277,Creamy Chicken Macaroni Cheese Baked,MÃ¬ á»ng GÃ  vÃ  Náº¥m sá»‘t Kem thÆ¡m bÃ©o phá»§ Phomai nÆ°á»›ng,145000.0,True,True,True,2
1000043788,2569330,PASTAÂ CHEESEÂ Â BAKEDÂ ğŸ§€,80605479,Macaroni Dáº§u Náº¥m Truffle vÃ  GÃ  Sá»‘t Kem Náº¥m,Macaroni Chicken Creamy and Truffle Oil,165000.0,True,True,True,0
1000043788,2569330,PASTAÂ CHEESEÂ Â BAKEDÂ ğŸ§€,153250894,MÃ¬ Ã Hun KhÃ³i Sá»‘t kem vÃ  Phomai NÆ°á»›ng - Carbonara Spaghetti and Grilled Cheese,,145000.0,True,True,True,1
1000043788,2569330,PASTAÂ CHEESEÂ Â BAKEDÂ ğŸ§€,147154134,Chicken-Bacon-Ranch Baked Penne,"Chicken, bacon, mushroom, creamy, mozzarella, Parmesan,salty, pepper,",169000.0,True,True,True,1
1000043788,2569330,PASTAÂ CHEESEÂ Â BAKEDÂ ğŸ§€,153604859,Spaghetti cremy mushrooms with smoked goose,,145000.0,True,True,True,0
1000043788,2569330,PASTAÂ CHEESEÂ Â BAKEDÂ ğŸ§€,154274310,Macaroni with Truffle Cream Sauce - MÃ¬ á»ng sá»‘t Náº¥m Cá»¥c Truffle Creamy,,135000.0,True,True,True,0
1000043788,6462848,HEALTHY - MÃ“N CHAY- VEGETARIAN DISH,35102804,MÃ¬ Ã Sá»‘t Náº¥m Kem Chay - Vegan Creamy Mushroom Spaghetti,,75000.0,True,True,True,10+
1000043788,6462848,HEALTHY - MÃ“N CHAY- VEGETARIAN DISH,153250547,Macaroni Pesto chay -Vegetarian Pesto Macaroni,,85000.0,True,True,True,0
1000043788,6462848,HEALTHY - MÃ“N CHAY- VEGETARIAN DISH,153250583,CREAMY MUSHROOM PASTA,,85000.0,True,True,True,1
1000043788,2569332,Salad,35102825,Garden Salad,Salad tá»•ng há»£p theo mÃ¹a,89000.0,True,True,True,1
1000043788,2569332,Salad,35102819,Chicken Salad,,110000.0,True,True,True,2
1000043788,2569332,Salad,35102810,Tuna salad,,110000.0,True,True,True,1
1000043788,2569332,Salad,147154138,Avacado Egg Salad,,135000.0,True,True,True,1
1000043788,2569332,Salad,79675708,Chicken salad with chesee,,145000.0,True,True,True,0
1000043788,2569337,TrÃ¡ng miá»‡ng - Äƒn nháº¹,60643472,Khoai TÃ¢y Bá»‰ ChiÃªn GiÃ²n 200gr láº¯c phomai,Crispy Belgian Potatoes With Melted Cheese Sauce,85000.0,True,True,True,6
1000043788,2569337,TrÃ¡ng miá»‡ng - Äƒn nháº¹,35102833,Khoai tÃ¢y chiÃªn 200gr-French fries 200g,Khoai tÃ¢y bá»‰,75000.0,True,True,True,7
1000043788,2569338,Tea & Coffe,42862652,TrÃ  ÄÃ o Dáº±m - Peach Tea,,45000.0,True,True,True,1
1000043788,2569338,Tea & Coffe,35102853,TrÃ  Chanh Máº­t Ong Háº¡t Chia - Chia Seed Honey Lemon Tea,,45000.0,True,True,True,4
1000043788,2569338,Tea & Coffe,35102848,Ca Cao Sá»¯a ÄÃ¡ - Iced Milk Cocoa,,50000.0,True,True,True,3
1000043788,2569338,Tea & Coffe,35102859,TrÃ  SÃ¢m bÃ­ Ä‘ao háº¡t chia Lemon - Pumpkin and chia seed ginseng tea,Size lá»›n,45000.0,True,True,True,0
1000043788,2569338,Tea & Coffe,84847343,Chocolate Sá»¯a Báº¡c HÃ  - Mint Milk Chocolate,,55000.0,True,True,True,0
1000043788,2569338,Tea & Coffe,89543114,TrÃ  Chanh Leo - Passion fruit Tea,,45000.0,True,True,True,2
1000043788,2569338,Tea & Coffe,158580511,blueberry banana smoothie,Sinh tá»‘ viá»‡t quáº¥t chuá»‘i,65000.0,True,True,True,2
1000043788,2569338,Tea & Coffe,69159141,TrÃ  Cam Nha Äam Dáº§m,,45000.0,True,True,True,0
1000043788,2569338,Tea & Coffe,158580520,TrÃ  MÃ£ng Cáº§u - Soursop Tea,,55000.0,True,True,True,0
1000043788,2569338,Tea & Coffe,155832091,Cam váº¯t máº­t ong háº¡t chia,,55000.0,True,True,True,0
1000043788,2569338,Tea & Coffe,111426518,TrÃ  MÃ¢m sÃ´i - Rasberry tea,,45000.0,True,True,True,0
1000043788,2569338,Tea & Coffe,92366080,TrÃ  BÆ°á»Ÿi Há»“ng -grapefruit green tea,,45000.0,True,True,True,1
1000043788,2569338,Tea & Coffe,158580534,Watermelon juice-NÆ°á»›c Ã©p dÆ°a háº¥u,,50000.0,True,True,True,0
1000043788,2569338,Tea & Coffe,35102850,CÃ  PhÃª Sá»¯a ÄÃ¡ - coffee with milk,,45000.0,True,True,True,1
1000043788,2569338,Tea & Coffe,161981605,Sinh Tá»‘ DÃ¢u Chuá»‘i,,55000.0,True,True,True,0
1000043788,2569338,Tea & Coffe,160222729,TrÃ  dÆ°a lÆ°á»›i háº¡t chia,,45000.0,True,True,True,0
1000043788,2569338,Tea & Coffe,161981639,TrÃ  á»”i Há»“ng,,45000.0,True,True,True,0
1000043788,2569338,Tea & Coffe,175292344,Pepsi Vá»‹ Chanh KhÃ´ng Calo,,35111.0,True,True,True,0
1000043788,2689468,BÃ¡nh MÃ¬,103573349,BÃ¡nh MÃ¬ TÆ°Æ¡i NÆ°á»›ng 3 Loáº¡i cheese KÃ¨m Máº­t Ong,,65000.0,True,True,True,7
