12266680,14190945,Kat Ri,Newbee,Taka Cha - TrÃ  Sá»¯a,"TrÃ  hay trÃ  sá»¯a Ä‘á»u ok háº¿t, cháº£ chÃª mÃ³n nÃ o. Máº¥y hÃ´m mÃ¬nh order váº«n bth. HÃ´m nay mÃ¬nh Ä‘áº·t 2ly cÃ³ note láº¡i 1 ly khÃ´ng Ä‘Ã¡ vÃ¬ chÆ°a dÃ¹ng Ä‘áº¿n. LÃºc giao láº¡i bá» Ä‘Ã¡ lÃ m mÃ¬nh pháº£i vá»›t bá» ra, mong quÃ¡n chÃº Ã½ hÆ¡n ğŸ˜",7.4,18/04/2021,Android,993432,129,0,0,https://www.foody.vn/ho-chi-minh/taka-cha-tra-sua/binh-luan-12266680
12052656,10471047,Chang,Newbee,Okkk nÃ ,"MÃ¬nh thÆ°á»ng uá»‘ng á»Ÿ chi nhÃ¡nh quáº­n 1 nÃªn Ä‘Ã¢y lÃ  láº§n Ä‘áº§u mÃ¬nh uá»‘ng chi nhÃ¡nh nÃ y. BÃªn quáº­n 1 trÃ  Ä‘áº¯ng nháº¹, báº¡n nÃ o thÃ­ch mÃ¹i vá»‹ Ä‘áº­m hÆ¡n thÃ¬ uá»‘ng quáº­n 4 nÃ¨. HÃ´m nay háº¿t trÃ¢n chÃ¢u Ä‘en nÃªn hÆ¡i buá»“n tÃ½ táº¹o. Trong cÃ¡c nÆ¡i mÃ¬nh uá»‘ng trÃ  sá»¯a thÃ¬ Taka Cha lÃ  thÃ­ch nháº¥t vÃ¬ cÃ³ vá»‹ trÃ  rÃµ, giÃ¡ okk khÃ´ng nhiá»u mÃ¹i sá»¯a bá»™t nhÆ° cÃ¡c chá»— bÃ¡n cho há»c sinh.",8.4,05/04/2021,Android,993432,102,0,0,https://www.foody.vn/ho-chi-minh/taka-cha-tra-sua/binh-luan-12052656
4232821,14125548,Tran Huy,Newbee,"NÆ°á»›c ko quÃ¡ tá»‡, nhÆ°ng order 3 4 mÃ³n topping vÃ  lÃºc nháº­n thÃ¬ cháº£ cÃ³ gÃ¬ cáº£. Tiá»n váº«n thu Ä‘áº§y Ä‘á»§.",1* nhÃ©.,3.8,04/03/2020,Web,993432,636,0,0,https://www.foody.vn/ho-chi-minh/taka-cha-tra-sua/binh-luan-4232821
3876751,375979,Evy Lee,Newbee,Taka Cha ğŸ˜˜,"QuÃ¡n trÃ  sá»¯a nhá» náº±m trong háº»m 66/7***Náº¿u mua vá» thÃ¬ á»•n hÆ¡n vÃ¬ quÃ¡n trong háº»m
Vá»‹ trÃ  thÃ¬ vá»«a pháº£i, khÃ´ng ngá»t quÃ¡, Ä‘Ã¡ tan váº«n uá»‘ng ngon nhe
ÄÃ o tÆ°Æ¡i vÃ  Ä‘Æ°á»£c cáº¯t nhá», chá»‰ cáº§n hÃºt nháº¹ lÃ  thÆ°á»Ÿng thá»©c Ä‘Æ°á»£c.
GiÃ¡ cÅ©ng ráº¥t ráº» nhÃ©, quÃ¡n ná»•i tiáº¿ng 2 nÄƒm rá»“i, giá» má»›i tháº¥y trÃªn NowğŸ¤—ğŸ¤—ğŸ¤—ğŸ¤—ğŸ¤—",7.4,08/01/2020,Android,993432,121,0,0,https://www.foody.vn/ho-chi-minh/taka-cha-tra-sua/binh-luan-3876751
18566813,25251441,Anna Truong,Newbee,XÃ´i CadÃ©***ChÃ­nh Gá»‘c - å’–æ¤°ç³¯ç±³é¥­,F,5.0,11/02/2025,iPhone,1000038809,25,0,0,https://www.foody.vn/ho-chi-minh/xoi-cade-tran-phu-chinh-goc-%E5%92%96%E6%A4%B0%E7%B3%AF%E7%B1%B3%E9%A5%AD/binh-luan-18566813
18558973,56691421,foodee_zaat4mzh,Newbee,Ä‘á»“ Äƒn ráº¥t ngon,ngon,5.0,12/11/2024,iPhone,1000038809,53,0,0,https://www.foody.vn/ho-chi-minh/xoi-cade-tran-phu-chinh-goc-%E5%92%96%E6%A4%B0%E7%B3%AF%E7%B1%B3%E9%A5%AD/binh-luan-18558973
18535666,56224254,thanh Háº±ng,Newbee,XÃ´i CadÃ©***ChÃ­nh Gá»‘c - å’–æ¤°ç³¯ç±³é¥­,Äá»“ Äƒn ngon,5.0,14/08/2024,Android,1000038809,77,0,0,https://www.foody.vn/ho-chi-minh/xoi-cade-tran-phu-chinh-goc-%E5%92%96%E6%A4%B0%E7%B3%AF%E7%B1%B3%E9%A5%AD/binh-luan-18535666
18535665,56224254,thanh Háº±ng,Newbee,XÃ´i CadÃ©***ChÃ­nh Gá»‘c - å’–æ¤°ç³¯ç±³é¥­,Äá»“ Äƒn ngon,5.0,14/08/2024,Android,1000038809,36,0,0,https://www.foody.vn/ho-chi-minh/xoi-cade-tran-phu-chinh-goc-%E5%92%96%E6%A4%B0%E7%B3%AF%E7%B1%B3%E9%A5%AD/binh-luan-18535665
18533073,56187500,Maxx Suu,Newbee,Ngon,NÃªn thá»­,5.0,08/08/2024,Android,1000038809,38,0,0,https://www.foody.vn/ho-chi-minh/xoi-cade-tran-phu-chinh-goc-%E5%92%96%E6%A4%B0%E7%B3%AF%E7%B1%B3%E9%A5%AD/binh-luan-18533073
18524382,56074796,Ã‚u Thanh,Newbee,XÃ´i cadÃ© quÃ¡ Ä‘á»‰nh,Tuyá»‡t vá»i,5.0,19/07/2024,iPhone,1000038809,73,0,0,https://www.foody.vn/ho-chi-minh/xoi-cade-tran-phu-chinh-goc-%E5%92%96%E6%A4%B0%E7%B3%AF%E7%B1%B3%E9%A5%AD/binh-luan-18524382
18524348,56074227,Nguyá»…n Thá»‹ Lan,Newbee,XÃ´i CadÃ©***ChÃ­nh Gá»‘c - å’–æ¤°ç³¯ç±³é¥­,"Xuáº¥t sáº¯c quÃ¡, Ä‘Ã¡ng Ä‘á»ƒ Ä‘i.",5.0,19/07/2024,Android,1000038809,30,0,1,https://www.foody.vn/ho-chi-minh/xoi-cade-tran-phu-chinh-goc-%E5%92%96%E6%A4%B0%E7%B3%AF%E7%B1%B3%E9%A5%AD/binh-luan-18524348
18514144,16916181,traxanh2017,Newbee,XÃ´i CadÃ©***ChÃ­nh Gá»‘c - å’–æ¤°ç³¯ç±³é¥­,"CÅ©ng Ä‘Ã£ Ä‘Æ°á»£c Äƒn thá»­, sao nÃ³ cÃ³ vá»‹ láº¡, ngon vÃ  dáº»o",5.0,28/06/2024,Android,1000038809,146,0,0,https://www.foody.vn/ho-chi-minh/xoi-cade-tran-phu-chinh-goc-%E5%92%96%E6%A4%B0%E7%B3%AF%E7%B1%B3%E9%A5%AD/binh-luan-18514144
18511307,55927578,TrÃ¢m Ng Thá»‹,Newbee,Tt,Ngon tuyá»‡t vá»i,8.2,24/06/2024,Android,1000038809,100,0,0,https://www.foody.vn/ho-chi-minh/xoi-cade-tran-phu-chinh-goc-%E5%92%96%E6%A4%B0%E7%B3%AF%E7%B1%B3%E9%A5%AD/binh-luan-18511307
18510513,55918010,VÃ¢n VÅ©,Newbee,XÃ´i CadÃ©***ChÃ­nh Gá»‘c - å’–æ¤°ç³¯ç±³é¥­,"MÃ³n Äƒn ngon, phá»¥c vá»¥ tuyá»‡t vá»i, má»i ngÆ°á»i Ä‘áº¿n thá»­ nhÃ©",5.0,22/06/2024,Android,1000038809,118,0,2,https://www.foody.vn/ho-chi-minh/xoi-cade-tran-phu-chinh-goc-%E5%92%96%E6%A4%B0%E7%B3%AF%E7%B1%B3%E9%A5%AD/binh-luan-18510513
18570310,55717934,Luu Huechi,Newbee,MÃ¬ Dáº§u HÃ o HongKong ThÆ°á»£ng Háº¡ng æ¸¯å¼èšæ²¹æé¢ - ChaChaanTeng -***,"***nháº£y tÆ°á»ng 199k nhÆ°ng quÃ¡ cháº¥t lÆ°á»£ng , háº£i sÃ¢m gai vi cÃ¡ bÃ o ngÆ° toÃ n Ä‘á»“ bá»• xá»‹n luÃ´n , dimsum tuÆ¡i mÃ¬ dáº§u hÃ o ngon nha ğŸ‘ğŸ¼ğŸ‘ğŸ¼ğŸ‘ğŸ¼ğŸ‘ğŸ¼",10.0,22d,Android,1000045833,36,0,0,https://www.foody.vn/ho-chi-minh/mi-dau-hao-hongkong-thuong-hang-%E6%B8%AF%E5%BC%8F%E8%9A%9D%E6%B2%B9%E6%8D%9E%E9%9D%A2-chachaanteng-phan-phu-tien/binh-luan-18570310
18570105,55757179,Nguyen Vinh,Newbee,MÃ¬ Dáº§u HÃ o HongKong ThÆ°á»£ng Háº¡ng æ¸¯å¼èšæ²¹æé¢ - ChaChaanTeng -***,"MÃ¬nh Äƒn nhiá»u láº§n á»Ÿ quÃ¡n rá»“i, mÃ³n nÃ o cá»§ng ngon háº¿t trÆ¡n , Ä‘Ã¡ng tiá»n",9.8,25d,Android,1000045833,26,1,0,https://www.foody.vn/ho-chi-minh/mi-dau-hao-hongkong-thuong-hang-%E6%B8%AF%E5%BC%8F%E8%9A%9D%E6%B2%B9%E6%8D%9E%E9%9D%A2-chachaanteng-phan-phu-tien/binh-luan-18570105
18570104,55757179,Nguyen Vinh,Newbee,MÃ¬ Dáº§u HÃ o HongKong ThÆ°á»£ng Háº¡ng æ¸¯å¼èšæ²¹æé¢ - ChaChaanTeng -***,ğŸ‘ğŸ¼ğŸ‘ğŸ¼ğŸ‘ğŸ¼ğŸ‘ğŸ¼ğŸ‘ğŸ¼ğŸ‘ğŸ¼,9.6,25d,Android,1000045833,6,0,0,https://www.foody.vn/ho-chi-minh/mi-dau-hao-hongkong-thuong-hang-%E6%B8%AF%E5%BC%8F%E8%9A%9D%E6%B2%B9%E6%8D%9E%E9%9D%A2-chachaanteng-phan-phu-tien/binh-luan-18570104
18569954,57285893,Quá»³nh TrÆ°Æ¡ng,Newbee,MÃ¬ Dáº§u HÃ o HongKong ThÆ°á»£ng Háº¡ng - æ¸¯å¼èšæ²¹æé¢ -***,"MÃ¬ Dáº§u HÃ o HongKong ThÆ°á»£ng Háº¡ng táº¡i quÃ¡n trÃªn Ä‘Æ°á»ng*** Quáº­n 5, TP***thá»±c sá»± lÃ  má»™t tráº£i nghiá»‡m áº©m thá»±c Ä‘Ã¡ng nhá»›. Ngay tá»« khi bÆ°á»›c vÃ o quÃ¡n, mÃ¬nh Ä‘Ã£ áº¥n tÆ°á»£ng bá»Ÿi khÃ´ng gian áº¥m cÃºng, mang Ä‘áº­m phong cÃ¡ch Hong Kong vá»›i nhá»¯ng chi tiáº¿t trang trÃ­ tinh táº¿.

MÃ³n mÃ¬ dáº§u hÃ o á»Ÿ Ä‘Ã¢y thá»±c sá»± xá»©ng Ä‘Ã¡ng vá»›i danh xÆ°ng ""thÆ°á»£ng háº¡ng"". Sá»£i mÃ¬ cÃ³ Ä‘á»™ dai vá»«a pháº£i, Ä‘Æ°á»£c cháº¿ biáº¿n cÃ´ng phu Ä‘á»ƒ giá»¯ Ä‘Æ°á»£c hÆ°Æ¡ng vá»‹ thÆ¡m ngon Ä‘áº·c trÆ°ng. Khi trá»™n Ä‘á»u vá»›i nÆ°á»›c sá»‘t dáº§u hÃ o sÃ¡nh má»‹n, sá»£i mÃ¬ trá»Ÿ nÃªn Ä‘áº­m Ä‘Ã  vÃ  dáº­y lÃªn hÆ°Æ¡ng thÆ¡m háº¥p dáº«n. Äiá»u khiáº¿n mÃ¬nh Ä‘áº·c biá»‡t thÃ­ch thÃº lÃ  nÆ°á»›c sá»‘t dáº§u hÃ o cÃ³ Ä‘á»™ cÃ¢n báº±ng hoÃ n háº£o giá»¯a vá»‹ ngá»t thanh vÃ  chÃºt máº·n nháº¹, khÃ´ng quÃ¡ gáº¯t cÅ©ng khÃ´ng quÃ¡ nháº¡t, táº¡o nÃªn má»™t sá»± hÃ i hÃ²a tuyá»‡t vá»i cho mÃ³n Äƒn.

KhÃ´ng thá»ƒ khÃ´ng nháº¯c Ä‘áº¿n cÃ¡c nguyÃªn liá»‡u Ä‘i kÃ¨m nhÆ° háº£i sÃ¢m, bÃ o ngÆ°, vÃ  náº¥m Ä‘Ã´ng cÃ´. Háº£i sÃ¢m Ä‘Æ°á»£c cháº¿ biáº¿n má»m nhÆ°ng váº«n giá»¯ Ä‘Æ°á»£c Ä‘á»™ giÃ²n Ä‘áº·c trÆ°ng, bÃ o ngÆ° thÃ¬ dai nháº¹, thÆ¡m ngon vÃ  tháº¥m Ä‘áº«m nÆ°á»›c sá»‘t. Náº¥m Ä‘Ã´ng cÃ´ bá»• sung thÃªm hÆ°Æ¡ng vá»‹ tá»± nhiÃªn, giÃºp mÃ³n Äƒn cÃ³ chiá»u sÃ¢u hÆ¡n. Má»™t Ä‘iá»ƒm cá»™ng lá»›n ná»¯a lÃ  cÃ¡ch trÃ¬nh bÃ y mÃ³n Äƒn vÃ´ cÃ¹ng báº¯t máº¯t, thá»ƒ hiá»‡n sá»± chÄƒm chÃºt cá»§a Ä‘áº§u báº¿p.

NgoÃ i hÆ°Æ¡ng vá»‹ tuyá»‡t vá»i, mÃ¬nh cÃ²n Ä‘Ã¡nh giÃ¡ cao cháº¥t lÆ°á»£ng phá»¥c vá»¥ cá»§a quÃ¡n. NhÃ¢n viÃªn thÃ¢n thiá»‡n, chu Ä‘Ã¡o vÃ  sáºµn sÃ ng giáº£i Ä‘Ã¡p má»i tháº¯c máº¯c vá» mÃ³n Äƒn. DÃ¹ quÃ¡n khÃ¡ Ä‘Ã´ng khÃ¡ch nhÆ°ng phá»¥c vá»¥ váº«n nhanh chÃ³ng, khÃ´ng Ä‘á»ƒ thá»±c khÃ¡ch pháº£i chá» lÃ¢u.

Náº¿u báº¡n lÃ  ngÆ°á»i yÃªu thÃ­ch áº©m thá»±c Trung Hoa vÃ  Ä‘áº·c biá»‡t lÃ  cÃ¡c mÃ³n Äƒn phong cÃ¡ch Hong Kong, thÃ¬ mÃ¬ dáº§u hÃ o táº¡i Ä‘Ã¢y cháº¯c cháº¯n lÃ  má»™t lá»±a chá»n khÃ´ng thá»ƒ bá» qua. MÃ¬nh cháº¯c cháº¯n sáº½ quay láº¡i Ä‘á»ƒ tiáº¿p tá»¥c thÆ°á»Ÿng thá»©c mÃ³n ngon nÃ y!",10.0,27d,Android,1000045833,23,0,0,https://www.foody.vn/ho-chi-minh/mi-dau-hao-hongkong-thuong-hang-%E6%B8%AF%E5%BC%8F%E8%9A%9D%E6%B2%B9%E6%8D%9E%E9%9D%A2-chachaanteng-phan-phu-tien/binh-luan-18569954
18569362,56398589,Táº¥n Ãnh,Newbee,MÃ¬ Dáº§u HÃ o HongKong ThÆ°á»£ng Háº¡ng - æ¸¯å¼èšæ²¹æé¢ -***,Ráº¥t ngon,10.0,13/03/2025,iPhone,1000045833,21,0,0,https://www.foody.vn/ho-chi-minh/mi-dau-hao-hongkong-thuong-hang-%E6%B8%AF%E5%BC%8F%E8%9A%9D%E6%B2%B9%E6%8D%9E%E9%9D%A2-chachaanteng-phan-phu-tien/binh-luan-18569362
18568168,57168844,Tá»‘ng TrÆ°á»ng,Newbee,má»³ dáº§u hÃ o,"""MÃ³n mÃ¬ dáº§u hÃ o há»“ng cÃ´ng nÃ y tháº­t tuyá»‡t vá»i! Sá»£i mÃ¬ má»m máº¡i, Ä‘áº­m Ä‘Ã  hÆ°Æ¡ng vá»‹ dáº§u hÃ o. Há»“ng cÃ´ng thÃªm má»™t chÃºt ngá»t ngÃ o vÃ  tÆ°Æ¡i mÃ¡t. Táº¥t cáº£ hÃ²a quyá»‡n láº¡i táº¡o nÃªn má»™t mÃ³n Äƒn Ä‘Æ¡n giáº£n nhÆ°ng Ä‘áº§y háº¥p dáº«n. GiÃ¡ cáº£ há»£p lÃ½, phá»¥c vá»¥ tá»‘t. TÃ´i sáº½ quay láº¡i Ä‘Ã¢y Ä‘á»ƒ thÆ°á»Ÿng thá»©c mÃ³n nÃ y ná»¯a!""",10.0,27/02/2025,Android,1000045833,57,0,0,https://www.foody.vn/ho-chi-minh/mi-dau-hao-hongkong-thuong-hang-%E6%B8%AF%E5%BC%8F%E8%9A%9D%E6%B2%B9%E6%8D%9E%E9%9D%A2-chachaanteng-phan-phu-tien/binh-luan-18568168
18562870,56853909,foodee_pxjetfee,Newbee,MÃ¬ Dáº§u HÃ o HongKong ThÆ°á»£ng Háº¡ng - æ¸¯å¼èšæ²¹æé¢ -***,MÃ¬ dáº§u hÃ o ngon. Ráº¥t tá»‘t cho sá»©c khoáº»,10.0,20/12/2024,iPhone,1000045833,122,0,0,https://www.foody.vn/ho-chi-minh/mi-dau-hao-hongkong-thuong-hang-%E6%B8%AF%E5%BC%8F%E8%9A%9D%E6%B2%B9%E6%8D%9E%E9%9D%A2-chachaanteng-phan-phu-tien/binh-luan-18562870
18561821,25251441,Anna Truong,Newbee,MÃ¬ Dáº§u HÃ o HongKong ThÆ°á»£ng Háº¡ng - æ¸¯å¼èšæ²¹æé¢ -***,c,5.0,11/12/2024,iPhone,1000045833,59,1,0,https://www.foody.vn/ho-chi-minh/mi-dau-hao-hongkong-thuong-hang-%E6%B8%AF%E5%BC%8F%E8%9A%9D%E6%B2%B9%E6%8D%9E%E9%9D%A2-chachaanteng-phan-phu-tien/binh-luan-18561821
18561450,23259292,Jackson,Newbee,MÃ¬ Dáº§u HÃ o HongKong ThÆ°á»£ng Háº¡ng - æ¸¯å¼èšæ²¹æé¢ -***,R,5.0,07/12/2024,iPhone,1000045833,90,0,0,https://www.foody.vn/ho-chi-minh/mi-dau-hao-hongkong-thuong-hang-%E6%B8%AF%E5%BC%8F%E8%9A%9D%E6%B2%B9%E6%8D%9E%E9%9D%A2-chachaanteng-phan-phu-tien/binh-luan-18561450
18561407,25251441,Anna Truong,Newbee,MÃ¬ Dáº§u HÃ o HongKong ThÆ°á»£ng Háº¡ng - æ¸¯å¼èšæ²¹æé¢ -***,Guy,5.0,07/12/2024,iPhone,1000045833,84,0,0,https://www.foody.vn/ho-chi-minh/mi-dau-hao-hongkong-thuong-hang-%E6%B8%AF%E5%BC%8F%E8%9A%9D%E6%B2%B9%E6%8D%9E%E9%9D%A2-chachaanteng-phan-phu-tien/binh-luan-18561407
18569363,56398589,Táº¥n Ãnh,Newbee,Äáº­u Há»§ CÃ¡ ViÃªn HongKong - æ¸¯å¼é±¼ä¸¸è±†è…,Tuyá»‡t vá»i,9.4,13/03/2025,iPhone,1000035599,33,1,0,https://www.foody.vn/ho-chi-minh/dau-hu-ca-vien-hongkong-%E6%B8%AF%E5%BC%8F%E9%B1%BC%E4%B8%B8%E8%B1%86%E8%85%90-chachaanteng/binh-luan-18569363
18568169,57168844,Tá»‘ng TrÆ°á»ng,Newbee,Ä‘áº­u hÅ© cÃ¡ viÃªn,"""Äáº­u hÅ© cÃ¡ viÃªn há»“ng cÃ´ng nÃ y tháº­t ngon! Äáº­u hÅ© má»m máº¡i, cÃ¡ viÃªn giÃ²n rá»¥m, há»“ng cÃ´ng thÃªm má»™t chÃºt ngá»t ngÃ o. NÆ°á»›c sá»‘t Ä‘áº­m Ä‘Ã , hÃ²a quyá»‡n táº¥t cáº£ láº¡i táº¡o nÃªn má»™t mÃ³n Äƒn tuyá»‡t vá»i. GiÃ¡ cáº£ há»£p lÃ½, phá»¥c vá»¥ tá»‘t. TÃ´i tháº­t sá»± hÃ i lÃ²ng vá»›i mÃ³n nÃ y! Sáº½ giá»›i thiá»‡u cho báº¡n bÃ¨ vÃ  gia Ä‘Ã¬nh. 5 sao cho mÃ³n Äƒn nÃ y!""",10.0,27/02/2025,Android,1000035599,42,0,0,https://www.foody.vn/ho-chi-minh/dau-hu-ca-vien-hongkong-%E6%B8%AF%E5%BC%8F%E9%B1%BC%E4%B8%B8%E8%B1%86%E8%85%90-chachaanteng/binh-luan-18568169
18563010,25251441,Anna Truong,Newbee,Äáº­u Há»§ CÃ¡ ViÃªn HongKong - æ¸¯å¼é±¼ä¸¸è±†è…,j,5.0,22/12/2024,iPhone,1000035599,33,0,0,https://www.foody.vn/ho-chi-minh/dau-hu-ca-vien-hongkong-%E6%B8%AF%E5%BC%8F%E9%B1%BC%E4%B8%B8%E8%B1%86%E8%85%90-chachaanteng/binh-luan-18563010
18557442,17628138,Hoang Do,Newbee,Ngon vÃ  háº¥p dáº«n quÃ¡ Ä‘i,Ngon Ä‘Ã³,8.8,29/10/2024,Web,1000035599,82,0,0,https://www.foody.vn/ho-chi-minh/dau-hu-ca-vien-hongkong-%E6%B8%AF%E5%BC%8F%E9%B1%BC%E4%B8%B8%E8%B1%86%E8%85%90-chachaanteng/binh-luan-18557442
18555575,56557364,Há»“ng Ngá»c,Newbee,Ä‘áº­u há»§ cÃ¡ viÃªn,ngonn tuyá»‡tttttttt,5.0,15/10/2024,Android,1000035599,62,4,0,https://www.foody.vn/ho-chi-minh/dau-hu-ca-vien-hongkong-%E6%B8%AF%E5%BC%8F%E9%B1%BC%E4%B8%B8%E8%B1%86%E8%85%90-chachaanteng/binh-luan-18555575
18551401,56075667,Nam VÆ°Æ¡ng,Newbee,Äáº­u Há»§ CÃ¡ ViÃªn HongKong - æ¸¯å¼é±¼ä¸¸è±†è…,T,5.0,21/09/2024,iPhone,1000035599,42,0,0,https://www.foody.vn/ho-chi-minh/dau-hu-ca-vien-hongkong-%E6%B8%AF%E5%BC%8F%E9%B1%BC%E4%B8%B8%E8%B1%86%E8%85%90-chachaanteng/binh-luan-18551401
18540582,56275275,Hoa Son19h,Newbee,MÃ³n Äƒn ngon,Phá»¥c vá»¥ tá»‘t,5.0,25/08/2024,Android,1000035599,82,0,0,https://www.foody.vn/ho-chi-minh/dau-hu-ca-vien-hongkong-%E6%B8%AF%E5%BC%8F%E9%B1%BC%E4%B8%B8%E8%B1%86%E8%85%90-chachaanteng/binh-luan-18540582
18540197,56275275,Hoa Son19h,Newbee,Ngon tuyá»‡t vá»i .,Phá»¥c vá»¥ nhiá»‡t tinh,5.0,25/08/2024,Android,1000035599,32,0,0,https://www.foody.vn/ho-chi-minh/dau-hu-ca-vien-hongkong-%E6%B8%AF%E5%BC%8F%E9%B1%BC%E4%B8%B8%E8%B1%86%E8%85%90-chachaanteng/binh-luan-18540197
18537619,56244816,foodee_yv5jmu4g,Newbee,Äáº­u Há»§ CÃ¡ ViÃªn HongKong - æ¸¯å¼é±¼ä¸¸è±†è…,Ráº¥t Ä‘Ã¡ng Ä‘á»ƒ Ä‘áº¿n,5.0,18/08/2024,Android,1000035599,42,0,0,https://www.foody.vn/ho-chi-minh/dau-hu-ca-vien-hongkong-%E6%B8%AF%E5%BC%8F%E9%B1%BC%E4%B8%B8%E8%B1%86%E8%85%90-chachaanteng/binh-luan-18537619
18524349,56074227,Nguyá»…n Thá»‹ Lan,Newbee,Äáº­u Há»§ CÃ¡ ViÃªn HongKong - æ¸¯å¼é±¼ä¸¸è±†è…,"TrÃªn cáº£ tuyá»‡t vá»i, Ä‘Ã¡ng Ä‘á»ƒ Ä‘i.",5.0,19/07/2024,Android,1000035599,183,0,0,https://www.foody.vn/ho-chi-minh/dau-hu-ca-vien-hongkong-%E6%B8%AF%E5%BC%8F%E9%B1%BC%E4%B8%B8%E8%B1%86%E8%85%90-chachaanteng/binh-luan-18524349
18553956,25251441,Anna Truong,Newbee,Kaya Toast NÆ°á»›ng - CÃ¡ ViÃªn Singapore - æ–°åŠ æ³¢å’–æ¤°åå¸-é±¼ä¸¸,J,5.0,05/10/2024,iPhone,1000046725,108,1,0,https://www.foody.vn/ho-chi-minh/kaya-toast-nuong-ca-vien-%E5%92%96%E6%A4%B0%E5%90%90%E5%8F%B8-%E9%B1%BC%E4%B8%B8-chachaanteng/binh-luan-18553956
18531078,56162725,hongphuong,Newbee,Kaya Toast NÆ°á»›ng - CÃ¡ ViÃªn Singapore - æ–°åŠ æ³¢å’–æ¤°åå¸-é±¼ä¸¸,Ngon vá»«a Äƒn,5.0,04/08/2024,Android,1000046725,115,1,0,https://www.foody.vn/ho-chi-minh/kaya-toast-nuong-ca-vien-%E5%92%96%E6%A4%B0%E5%90%90%E5%8F%B8-%E9%B1%BC%E4%B8%B8-chachaanteng/binh-luan-18531078
18521826,55605145,Julie Pháº¡m,Newbee,Kaya Toast NÆ°á»›ng - CÃ¡ ViÃªn Singapore - æ–°åŠ æ³¢å’–æ¤°åå¸-é±¼ä¸¸,H,5.0,14/07/2024,iPhone,1000046725,147,1,0,https://www.foody.vn/ho-chi-minh/kaya-toast-nuong-ca-vien-%E5%92%96%E6%A4%B0%E5%90%90%E5%8F%B8-%E9%B1%BC%E4%B8%B8-chachaanteng/binh-luan-18521826
18511318,55927578,TrÃ¢m Ng Thá»‹,Newbee,Ngon,Xiu ngon,7.0,24/06/2024,Android,1000046725,129,1,0,https://www.foody.vn/ho-chi-minh/kaya-toast-nuong-ca-vien-%E5%92%96%E6%A4%B0%E5%90%90%E5%8F%B8-%E9%B1%BC%E4%B8%B8-chachaanteng/binh-luan-18511318
18510701,55920421,Ma thá»‹ Háº¡nh,Newbee,Kaya Toast NÆ°á»›ng - CÃ¡ ViÃªn Singapore - æ–°åŠ æ³¢å’–æ¤°åå¸-é±¼ä¸¸,Ráº¥t tá»‘t,7.4,23/06/2024,Android,1000046725,80,0,0,https://www.foody.vn/ho-chi-minh/kaya-toast-nuong-ca-vien-%E5%92%96%E6%A4%B0%E5%90%90%E5%8F%B8-%E9%B1%BC%E4%B8%B8-chachaanteng/binh-luan-18510701
18506509,1026362836,LÃ½ thá»‹ vÆ°Æ¡ng,Newbee,Äá»“ Äƒn ngon quÃ¡,Äá»“ Äƒn ngon quÃ¡,5.0,15/06/2024,Android,1000046725,66,1,0,https://www.foody.vn/ho-chi-minh/kaya-toast-nuong-ca-vien-%E5%92%96%E6%A4%B0%E5%90%90%E5%8F%B8-%E9%B1%BC%E4%B8%B8-chachaanteng/binh-luan-18506509
18495585,55764439,0 4,Newbee,Äáº¹p quÃ¡,Muá»‘n Ä‘i nhiá»u nÆ¡i,5.0,26/05/2024,Android,1000046725,86,0,0,https://www.foody.vn/ho-chi-minh/kaya-toast-nuong-ca-vien-%E5%92%96%E6%A4%B0%E5%90%90%E5%8F%B8-%E9%B1%BC%E4%B8%B8-chachaanteng/binh-luan-18495585
18309665,46163998,Le thao Thuy,Newbee,Kaya Toast NÆ°á»›ng - CÃ¡ ViÃªn Singapore - æ–°åŠ æ³¢å’–æ¤°åå¸-é±¼ä¸¸,Ngon,5.0,28/01/2024,iPhone,1000046725,268,1,0,https://www.foody.vn/ho-chi-minh/kaya-toast-nuong-ca-vien-%E5%92%96%E6%A4%B0%E5%90%90%E5%8F%B8-%E9%B1%BC%E4%B8%B8-chachaanteng/binh-luan-18309665
18222025,47200838,Quyen Le,Newbee,Kaya Toast NÆ°á»›ng - CÃ¡ ViÃªn Singapore - æ–°åŠ æ³¢å’–æ¤°åå¸-é±¼ä¸¸,Ngon,5.0,20/12/2023,iPhone,1000046725,236,0,0,https://www.foody.vn/ho-chi-minh/kaya-toast-nuong-ca-vien-%E5%92%96%E6%A4%B0%E5%90%90%E5%8F%B8-%E9%B1%BC%E4%B8%B8-chachaanteng/binh-luan-18222025
18221977,47200838,Quyen Le,Newbee,Kaya Toast NÆ°á»›ng - CÃ¡ ViÃªn Singapore - æ–°åŠ æ³¢å’–æ¤°åå¸-é±¼ä¸¸,Ngon waaa,5.0,20/12/2023,iPhone,1000046725,65,0,0,https://www.foody.vn/ho-chi-minh/kaya-toast-nuong-ca-vien-%E5%92%96%E6%A4%B0%E5%90%90%E5%8F%B8-%E9%B1%BC%E4%B8%B8-chachaanteng/binh-luan-18221977
9642646,13771476,Trinh  Nguyá»…n,Newbee,ChÃ¢n GÃ  NÆ°á»›ng - Háº»m 291***,"ChÃ¢n gÃ  Æ°á»›p tháº¥m vá»‹ , cay cay , nÆ°á»›c cháº¥m thÃ¬ vá»«a cay vá»«a thÆ¡m , cÃ³ cáº£ dÆ°a leo vÃ  rau rÄƒm . CÃ²n cÃ³ nhá»¯ng mÃ³n nhÆ° cÃ¡nh gÃ  , má» . Theo mÃ¬nh mÃ³n nÃ o cÅ©ng á»•n",10.0,25/11/2020,iPhone,781978,89,1,0,https://www.foody.vn/ho-chi-minh/chan-ga-nuong-hem-291-vo-van-tan/binh-luan-9642646
9104095,19923329,HÆ°ng PhÃ¡t,Newbee,ChÃ¢n GÃ  NÆ°á»›ng - Háº»m 291***,"Äi ngang thÃ¬ tháº¥y khÃ³i nÆ°á»›ng nghi ngÃºt vÃ  cÃ¡c a shipper Ä‘á»©ng Ä‘Ã´ng nÃªn ghÃ© vÃ o Äƒn thá»­ ko ngá» vÃ¬ báº£n thÃ¢n tÃ¬nh cá» tÃ¬m dc quÃ¡n ngon , chÃ¢n gÃ  tháº¥m vá»‹ , nc cháº¥m cay cay thÆ¡m thÆ¡m ğŸ‘ğŸ»ğŸ‘ğŸ»ğŸ‘ğŸ»",10.0,02/11/2020,iPhone,781978,48,0,0,https://www.foody.vn/ho-chi-minh/chan-ga-nuong-hem-291-vo-van-tan/binh-luan-9104095
6269795,15243224,HoÃ ng Háº­u Mai,Newbee,Ä‚N LÃ€ NGHIá»†N LUÃ”N NHA,"ThÃªm chÃ¢n gÃ  quÃ¡ trá»i Ä‘ang Ä‘i thÃ¬ tháº¥y quÃ¡n nÆ°á»›ng chÃ¢n gÃ  thÆ¡m Æ¡i lÃ  thÆ¡m pháº£i quáº¹o vÃ o liá»n Ä‘á»ƒ mua máº¥y cáº·p Ä‘á»ƒ thÆ°á»Ÿng thá»©c luÃ´n nÃ¨. ChÃ¢n gÃ  Ä‘Æ°á»£c Æ°á»›p tháº¥m vá»‹ vÃ´ cÃ¹ng Äƒn giÃ²n rá»¥m ngon Æ¡i lÃ  ngon luÃ´n nÃ¨ ngoÃ i chÃ¢n gÃ  ra thÃ¬ cÃ²n nhiá»u mÃ³n khÃ¡c cÅ©ng háº¥p dáº«n khÃ´ng kÃ©m nhÆ° cÃ¡nh gÃ  nÆ°á»›ng, má» gÃ , á»©c gÃ  ná»¯a Äƒn xong lÃ  lÄƒn luÃ´n nha",7.6,09/07/2020,Web,781978,1331,3,0,https://www.foody.vn/ho-chi-minh/chan-ga-nuong-hem-291-vo-van-tan/binh-luan-6269795
2460256,137317,PhÆ°á»£ng,Newbee,Ngon xuáº¥t sáº¯c,Thiá»‡t lÃ  tuáº§n nÃ o cÅ©ng pháº£i ghÃ© qua Ä‘Ã¢y Ä‘á»ƒ nhÃ¢m nhi cho Ä‘Ã£ thÃ¨m mÃ  ğŸ˜˜ğŸ˜˜,9.2,18/05/2020,iPhone,781978,215,0,0,https://www.foody.vn/ho-chi-minh/chan-ga-nuong-hem-291-vo-van-tan/binh-luan-2460256
3928208,721428,Tháº£o NgÃ¢n,Newbee,Ship thiáº¿u nÆ°á»›c,"Thanh toÃ¡n trÆ°á»›c qua Now rá»“i nhÆ°ng láº¡i ship thiáº¿u chai nÆ°á»›c sÃ¢m há»™t Ã© 14K, buá»“n ghÃª, Ä‘á»“ nÆ°á»›ng thÃ¬ cÅ©ng khÃ¡ ok, cÃ¡nh gÃ , chÃ¢n gÃ , Ä‘á»“ lÃ²ng gÃ  ngon, má»—i tá»™i ship thiáº¿u nÆ°á»›c lÃ m khÃ¡t nÆ°á»›c quÃ¡ trá»i vÃ  máº¥t tiá»n",6.2,15/01/2020,Android,781978,46,0,0,https://www.foody.vn/ho-chi-minh/chan-ga-nuong-hem-291-vo-van-tan/binh-luan-3928208
2651127,739819,Vy Yáº¿n,Newbee,ChÃ¢n GÃ  NÆ°á»›ng - Háº»m 291 VÃµ VÄƒn Táº§n,ChÃ¢n gÃ  tuy hÆ¡i nhá» nhÆ°ng quÃ¡n Æ°á»›t Ä‘áº­m Ä‘Ã  vá»«a Äƒn . NÆ°á»›c cháº¥m okkk .NÃ³i chung lÃ  á»•n . NÃªn thá»­,7.0,23/05/2019,Android,781978,214,1,0,https://www.foody.vn/ho-chi-minh/chan-ga-nuong-hem-291-vo-van-tan/binh-luan-2651127
2630136,11276215,Dung,Newbee,ChÃ¢n GÃ  NÆ°á»›ng - Háº»m 291 VÃµ VÄƒn Táº§n,"ÄÆ°á»£c giáº£m 25% nÃªn mÃ¬nh order Äƒn thá»­. HÃ´m qua mÃ¬nh Ä‘á»‹nh order nhÆ°ng má»›i hÆ¡n 8h mÃ  quÃ¡n Ä‘Ã£ háº¿t chÃ¢n gÃ  nÃªn hÃ´m nay  mÃ¬nh Ä‘áº·t sá»›m hÆ¡n, mÃ¬nh order qua Now 8 cáº·p chÃ¢n gÃ  - chÃ¢n gÃ  giÃ²n, thÆ¡m, ngon nhÆ°ng khÃ¡ nhá», so vá»›i giÃ¡ 15k/cáº·p thÃ¬ hÆ¡i máº¯c, 4 cÃ¢y má» - má» to, má»—i cÃ¢y Ä‘Æ°á»£c 5 má», 2 cÃ¡nh gÃ  nÆ°á»›ng - cÃ¡nh gÃ  Æ°á»›p tháº¥m vÃ  ngon. NÆ°á»›c cháº¥m muá»‘i á»›t xanh khÃ¡ ngon, vá»«a miá»‡ng. 
Äiá»ƒm trá»«: quÃ¡n cho dÆ°a leo vÃ  rau rÄƒm cá»±c Ã­t. Láº§n sau order sáº½ note xin thÃªm dÆ°a leo ğŸ˜",8.4,10/05/2019,iPhone,781978,225,1,0,https://www.foody.vn/ho-chi-minh/chan-ga-nuong-hem-291-vo-van-tan/binh-luan-2630136
2608633,11619428,tiffany0908,Newbee,Ráº¥t hÃ i lÃ²ng,ChÃ¢n gfa tuy nhá» nhÆ°ng tháº¥m gia vá»‹ vÃ  nÆ°á»›ng giÃ²n . Ä‚n ko ngÃ¡n . Dá»… gáº·m . Chim cÃºt thÃ¬ tháº¥m gia vá»‹ Ä‘áº­m Ä‘Ã  láº¯m luÃ´n . CÃ³ sáº£ vÃ  á»›t nÃªn thÆ¡m ngon láº¡i ko bá»‹ hÃ´i. MÃ  quÃ¡n ko Æ°á»›p pháº©m mÃ u cam cam nhÆ° chá»— khÃ¡c nÃªn Äƒn ko sá»£ .  NÆ°á»›c cháº¥m muÃ³ii á»›t xanh quÃ¡n lÃ m ráº¥t vá»«a miá»‡ng chua cay máº·n ngá»t . LÃ²ng Äƒn ko hÃ´i . NhÆ°ng thaich nhat chÃ¢n gÃ  vÃ  chim cÃºt.   Ä‚n nhiu chá»— mÃ  chá»— nÃ y ok láº¯m . ÄÆ°á»£c táº·ng lon heniken ná»¯a chá»© kakka . Ráº» ngon,8.6,25/04/2019,iPhone,781978,137,0,0,https://www.foody.vn/ho-chi-minh/chan-ga-nuong-hem-291-vo-van-tan/binh-luan-2608633
